LATITUDE,LONGITUDE
31.1,35.5
35.683,35.8
38.0,58.2
36.4,25.4
31.5,35.3
35.5,25.5
35.683,35.8
32.0,35.5
29.6,35.0
33.0,35.5
33.27,35.22
37.0,22.5
33.56,35.37
37.9,23.5
39.7,23.3
37.0,22.5
38.9,22.7
35.5,51.8
38.25,22.25
35.0,25.0
40.0,25.0
23.0,71.0
38.5,22.5
41.0,27.0
42.7,77.5
36.3,28.3
29.2,25.5
36.2,-7.17
44.3,8.5
36.0,-10.5
36.404,25.396
35.4,103.9
33.8,105.6
36.3,119.0
45.2,36.6
36.0,-10.0
41.3,19.5
43.5,28.5
43.0,41.0
34.9,104.7
31.2,34.2
32.0,35.5
25.7,32.7
35.0,33.0
28.8,104.6
35.2,34.0
38.0,58.3
37.8,27.4
37.85,27.3
38.2,22.2
33.0,72.0
35.9,126.5
40.5,28.9
31.8,35.2
36.1,36.1
33.0,112.5
37.0,68.5
41.0,24.3
36.1,36.1
35.0,25.0
41.2,19.3
37.9,29.2
35.2,25.1
40.7,14.5
34.8,32.0
40.821,14.426
35.9,126.5
40.6,26.7
35.8,129.2
39.5,27.0
40.0,34.0
36.1,36.1
40.77,29.92
35.8,129.2
34.7,105.4
35.8,103.5
36.7,28.0
34.7,105.3
36.5,28.5
39.0,24.5
37.5,120.0
38.0,15.0
38.6,26.65
39.4,99.5
45.3,11.0
35.5,25.5
39.1,27.2
41.9,12.45
36.6,30.0
40.3,116.0
32.6,116.8
35.5,129.1
33.2,35.1
31.7,35.5
34.1,105.3
40.5,14.5
41.2,19.3
36.1,36.1
36.2,36.1
41.3,19.5
36.2,36.1
40.5,14.5
40.3,26.5
35.4,114.3
41.4,19.4
33.9,35.5
41.0,30.0
40.7,29.7
40.77,29.9
41.6,21.5
41.0,29.5
31.3,35.6
35.0,23.0
40.7,29.7
40.0,29.0
40.5,29.6
41.1,14.8
36.0,-10.83
36.1,36.1
36.1,36.1
41.0,29.0
37.067,10.067
31.2,34.2
31.9,34.9
40.5,46.5
35.5,25.5
41.0,29.0
40.9,28.5
35.0,25.0
40.4,28.4
36.2,36.1
36.2,36.1
20.3,100.0
44.4,4.3
41.0,29.0
40.8,29.2
34.3,35.5
32.1,118.8
42.7,76.5
39.0,125.3
35.5,129.1
39.4,113.3
42.0,21.4
39.6,21.2
41.2,19.3
36.2,36.1
36.25,36.1
40.1,20.8
36.25,36.1
36.2,37.2
40.3,27.8
38.4,22.3
33.9,35.5
36.1,37.1
33.9,35.5
36.8,27.3
41.04,28.98
40.9,27.6
40.9,27.6
36.1,36.1
43.6,13.5
40.9,28.8
36.2,36.1
45.6,15.3
36.0,36.0
36.1,36.1
36.25,36.1
34.3,108.9
41.0,15.0
38.0,46.2
36.1,111.5
35.3,54.0
35.5,129.1
35.0,43.5
32.5,134.0
38.4,27.2
35.7,135.4
33.8,136.7
36.0,36.0
40.4,28.9
36.0,36.0
34.6,105.6
39.7,45.5
40.7,29.3
35.0,38.0
42.1,48.2
35.3,52.2
32.4,130.5
34.6,135.3
35.5,136.9
32.0,35.5
33.5,36.3
35.0,43.5
31.2,34.2
33.3,59.3
31.6,130.7
37.8,115.2
45.4,12.2
28.1,111.4
35.5,129.1
32.5,109.4
45.5,11.0
35.0,25.0
41.9,12.6
45.4,11.9
36.95,35.6
56.3,-2.8
27.9,102.2
36.8,66.2
35.2,139.3
37.4,112.6
36.0,36.0
40.4,71.3
49.5,-2.5
33.5,36.3
36.2,43.1
36.1,36.1
41.6,14.2
33.5,36.3
36.21,42.08
35.3,51.2
39.0,139.9
40.0,44.6
41.5,14.5
50.1,3.1
35.7,10.1
40.0,45.0
35.3,51.2
36.8,10.2
37.9,22.9
40.0,44.6
36.2,54.3
40.0,44.6
38.0,46.2
36.0,36.0
33.0,44.5
40.0,44.6
38.0,46.2
35.3,51.2
37.1,138.0
35.3,51.2
41.0,29.0
38.5,143.8
33.2,47.2
37.8,105.9
30.0,-6.0
30.0,31.1
33.0,135.3
37.5,138.1
38.3,48.3
40.0,44.6
45.3,11.0
41.9,12.6
41.7,22.9
35.3,51.2
33.2,44.2
34.6,47.8
33.8,136.7
36.0,51.7
39.7,64.5
38.0,58.3
36.1,37.1
38.0,58.3
34.9,48.4
34.8,44.8
35.7,51.4
33.2,44.2
35.3,51.2
38.0,15.0
36.1,36.1
27.4,52.2
27.7,52.3
41.1,14.8
36.2,43.1
41.1,14.8
33.5,36.3
29.0,112.0
31.8,119.9
46.0,14.5
35.0,110.0
45.3,11.0
34.3,109.0
47.0,6.0
40.5,43.3
33.2,44.2
27.665,52.348
41.0,29.5
64.0,-21.0
47.5,7.6
39.8,113.1
34.8,131.8
33.0,35.0
37.6,126.3
32.0,119.0
38.4,112.9
38.4,27.3
35.7,10.0
38.0,46.2
38.1,46.3
39.7,39.5
40.5,43.5
30.6,50.3
36.0,58.8
39.7,116.3
34.3,44.7
40.4,28.9
34.3,35.5
40.7,29.7
38.1,15.1
35.0,58.0
34.0,58.0
23.6,116.5
29.5,34.95
38.5,116.1
30.0,31.1
14.2,43.3
35.0,38.0
40.5,28.5
39.9,41.1
31.0,49.0
37.0,15.3
34.0,44.0
41.4,43.2
40.5,143.0
34.3,38.2
36.1,36.1
34.0,137.5
33.0,135.5
36.0,59.0
35.0,62.1
37.5,112.6
36.2,36.1
36.2,36.1
38.5,43.4
42.42,12.1
36.1,36.1
37.5,38.5
36.1,36.1
36.8,39.0
26.4,55.5
45.5,11.0
44.8,11.3
36.2,50.0
41.1,14.8
36.1,103.7
36.2,43.1
33.2,44.2
37.3,15.1
36.3,43.1
40.3,46.3
38.5,106.3
33.2,44.4
38.7,-9.1
32.6,36.7
39.8,20.1
45.8,8.1
34.5,36.5
36.2,37.2
35.1,36.3
38.4,38.35
32.0,35.5
64.3,-20.0
37.3,15.03
36.2,37.2
34.4,35.8
38.0,15.0
35.3,51.2
37.5,65.5
36.3,50.0
36.1,36.1
41.1,15.1
64.0,-21.0
32.6,36.7
34.5,36.5
39.3,16.2
46.4,15.3
33.5,36.0
27.1,118.4
36.3,57.6
42.0,60.0
36.0,58.8
36.0,111.8
30.5,31.3
36.0,106.2
45.55,10.22
34.5,33.0
41.6,15.9
43.6,5.3
38.5,106.3
41.5,13.8
41.0,28.6
45.3,12.2
41.2,19.3
41.3,19.5
34.2,58.4
35.2,139.4
41.0,13.0
27.7,85.3
35.2,139.5
39.0,144.0
38.0,12.5
36.0,58.8
39.75,39.5
38.0,46.2
40.6,15.8
41.3,19.7
42.1,44.2
35.1,-6.1
45.3,11.0
44.2,12.0
44.1,15.2
44.1,15.2
36.1,58.5
36.1,58.8
41.7,43.2
33.3,36.2
47.4,2.5
48.6,7.8
40.0,116.5
41.5,119.3
29.4,52.3
36.1,111.5
32.0,34.9
35.2,139.4
46.9,9.5
46.9,9.5
42.4,12.9
42.4,12.9
44.1,15.2
36.8,56.0
36.2,53.4
35.0,27.0
36.3,111.7
38.5,45.5
39.8,113.1
35.5,25.5
26.6,56.2
35.9,106.1
35.6,46.0
31.2,112.2
36.5,113.8
41.5,13.8
39.1,44.5
36.0,-10.7
45.2,14.7
30.1,102.7
42.8,13.0
37.734,15.004
33.7,135.2
26.6,56.2
34.7,59.7
40.4,115.7
34.3,35.5
29.0,111.3
44.3,34.3
41.0,139.5
44.0,15.0
40.8,28.3
34.9,105.8
38.0,-9.0
36.527,37.956
32.6,51.7
43.8,11.3
47.5,7.6
36.9,118.2
46.4,13.5
42.3,13.5
43.0,43.0
37.3,113.0
43.5,12.1
35.6,105.3
40.8,27.0
35.1,36.4
36.8,-9.0
47.4,7.6
14.1,43.2
36.8,3.0
26.8,55.9
33.4,136.2
40.3,15.6
28.8,115.3
33.0,135.0
36.8,3.0
37.3,49.7
37.6,112.5
32.0,118.8
42.1,-0.3
46.9,8.4
12.4,45.1
41.1,20.1
35.3,51.2
39.2,26.2
39.3,26.3
37.6,126.3
44.2,17.7
44.1,15.2
12.4,45.1
38.5,26.5
36.2,58.5
36.1,58.5
36.2,58.8
44.1,15.2
39.8,64.4
47.4,7.2
44.1,15.2
36.5,49.0
27.7,54.3
35.0,37.0
33.7,136.5
36.1,37.1
36.0,58.8
34.4,138.4
36.0,36.0
36.2,36.1
33.8,136.9
43.5,12.1
41.0,15.0
43.9,15.6
40.9,28.9
14.1,43.2
41.7,2.2
43.4,4.4
37.2,-3.6
34.9,139.5
28.3,53.1
36.2,103.3
38.3,43.2
38.0,46.2
48.5,19.1
43.2,27.9
38.7,42.2
24.5,117.6
41.9,12.6
37.5,138.2
42.6,18.1
47.5,7.6
47.5,7.6
35.9,126.5
40.4,14.5
42.2,20.7
39.8,39.5
31.2,34.2
31.2,34.2
39.9,40.4
46.3,16.3
42.3,13.4
42.3,13.5
14.1,43.2
37.3,-5.6
38.5,20.5
-16.3,-71.0
42.6,18.1
42.6,75.2
27.5,101.6
43.0,17.6
42.0,15.9
36.0,28.0
36.0,28.0
36.0,28.0
26.5,99.9
42.6,18.1
39.9,40.4
26.1,56.9
36.2,27.5
24.9,57.9
37.0,49.0
40.5,116.5
36.9,49.9
34.4,108.9
31.7,103.9
54.0,-9.0
36.5,27.0
39.4,67.1
36.9,27.0
36.8,27.0
33.0,59.8
43.8,7.0
43.4,7.1
35.5,25.5
25.5,103.8
37.6,105.6
35.1,139.5
43.5,16.1
9.9,-62.3
33.5,135.2
34.4,137.7
34.0,138.1
25.0,103.0
24.9,103.1
35.5,25.0
34.8,110.1
18.3,-69.5
45.8,16.1
35.7,115.3
37.3,-5.4
46.8,10.2
42.6,18.1
45.9,14.2
34.5,69.2
35.2,110.9
24.6,102.5
35.2,25.1
46.4,14.1
38.1,15.7
41.7,26.6
40.8,28.1
31.5,121.5
48.8,10.5
46.1,14.5
34.6,135.4
34.5,137.6
46.1,13.4
46.2,13.433
26.6,100.0
46.4,9.0
25.0,98.5
-17.2,-72.3
37.8,21.0
25.1,99.1
26.6,100.2
25.7,100.2
42.6,18.1
42.6,18.1
45.7,26.6
24.1,102.6
37.2,-1.5
38.0,125.0
-40.0,-74.0
25.3,100.3
33.6,136.3
37.7,-25.4
36.97,-2.66
19.2,-96.4
17.0,73.2
38.0,46.2
10.5,-64.2
42.6,18.1
38.7,-9.1
30.7,117.5
25.8,116.4
28.1,102.1
19.2,-99.1
40.6,14.1
16.2,-88.5
23.6,102.8
10.8,-64.2
19.2,-99.1
44.07,11.3
37.07,15.3
-19.0,-70.5
10.5,-64.2
37.2,111.7
34.8,139.0
32.0,35.5
38.7,-27.3
33.5,59.1
40.7,15.1
38.0,46.0
38.7,-9.1
25.8,105.2
-16.6,-71.3
35.8,128.8
-11.9,-77.6
42.8,22.8
-0.2,-78.6
46.9,13.7
41.0,29.0
41.0,29.0
34.5,109.7
24.2,102.7
24.9,103.2
40.5,14.7
40.5,15.5
37.5,106.2
38.0,112.0
-38.7,-73.5
42.4,18.8
19.1,-70.3
44.017,7.283
14.6,-90.7
14.6,-90.7
3.0,-77.3
27.7,54.3
20.2,-103.5
34.4,109.0
39.0,119.0
-36.75,-73.0
45.3,11.4
24.1,102.7
19.2,-104.0
34.4,104.0
46.2,6.2
45.1,14.8
34.0,51.4
-0.2,-78.6
-39.8,-73.2
25.0,98.6
-12.5,-77.0
8.705,-83.88
35.3,-2.97
25.1,99.9
51.019,1.309
-14.1,-71.5
-12.2,-77.6
-16.6,-71.6
40.6,14.1
-11.8,-77.8
46.33,6.97
46.3,7.0
46.2,7.0
14.553,-90.735
-12.3,-77.7
25.3,100.3
35.0,136.8
-5.3,-80.5
-0.22,-78.5
37.1,-8.0
29.4,52.3
24.0,102.8
37.9,-4.8
34.8,138.2
-0.5,-78.2
-17.2,-72.9
45.0,14.9
48.3,15.5
45.9,16.3
35.4,103.9
37.783,-25.5
47.1,0.1
-14.0,-76.0
33.3,131.7
38.8,-9.4
33.3,131.6
38.8,-9.4
14.6,121.0
-16.8,-70.9
-16.6,-70.8
23.5,117.2
14.6,121.0
46.8,8.5
14.6,121.0
35.1,140.5
18.0,-92.5
17.0,-96.3
-29.9,-71.3
-17.88,-70.94
35.5,25.5
25.0,119.5
19.9,110.5
33.0,134.9
33.5,138.5
23.6,102.8
17.0,-96.3
42.4,18.5
42.4,18.7
42.4,18.7
36.4,50.5
-11.9,-77.4
38.6,16.3
39.2,99.0
8.3,-71.8
47.5,7.5
17.0,122.0
19.5,-99.1
19.5,-99.1
35.1,58.9
21.5,111.3
37.5,140.0
39.0,144.5
38.8,20.8
35.5,25.5
38.117,14.783
35.3,25.1
37.2,127.0
38.4,-27.0
38.4,-24.1
37.2,112.5
37.5,138.0
-18.5,-70.35
18.5,-70.0
44.9,35.5
35.7,139.7
46.8,8.4
36.1,37.1
38.1,142.0
39.0,144.5
43.6,7.3
46.3,9.5
35.0,58.0
18.9,72.9
37.0,111.9
17.0,-96.3
-7.941,-79.038
52.3,14.6
18.2,121.6
32.5,130.6
40.9,71.4
10.8,122.5
8.6,-79.3
39.5,116.7
23.0,-103.0
46.8,10.3
46.8,10.3
37.5,21.0
36.5,106.3
34.0,-4.6
44.6,11.8
38.8,20.8
40.4,14.1
38.8,16.4
39.4,114.2
-0.2,-78.5
41.733,15.35
37.5,105.5
18.4,121.6
46.0,15.5
40.6,114.2
13.2,123.7
53.6,12.3
36.0,25.0
-4.6,129.9
-12.2,-77.5
38.7,20.6
32.6,104.1
-4.6,129.9
40.821,14.426
11.2,41.7
35.3,104.3
35.5,107.8
29.3,111.7
42.4,18.4
-41.8,-73.8
37.5,21.0
38.0,46.2
35.2,139.2
34.1,105.3
35.1,107.6
30.7,115.1
5.1,-2.2
38.1,20.3
38.1,20.3
7.6,123.7
39.033,16.283
39.25,16.75
-30.0,-71.4
42.6,13.3
42.5,18.1
36.2,50.0
-1.7,-78.6
50.8,5.7
45.9,15.5
38.57,16.53
38.2,46.3
23.0,117.0
42.07,140.68
-1.5,-78.5
10.9,-66.7
42.3,22.7
38.0,46.1
23.5,116.5
18.2,121.7
35.1,111.1
35.2,140.6
35.5,129.5
7.6,-73.0
7.5,-72.5
43.0,8.0
39.4,140.1
-1.7,-78.6
14.4,121.0
14.4,121.0
43.55,10.317
41.9,15.8
41.04,28.98
38.3,43.2
37.7,141.7
-15.5,-75.0
-33.4,-70.6
36.0,140.0
12.5,-86.8
45.0,14.9
38.3,43.2
15.0,121.0
38.183,15.55
35.5,126.0
35.5,140.0
-13.5,-72.0
36.4,25.4
38.0,46.2
42.1,47.7
25.4,100.5
38.2,28.2
13.1,121.6
-12.1,-76.6
40.1,3.6
41.4,13.6
34.3,105.5
-12.3,-77.6
35.0,25.0
-12.5,-77.0
34.4,35.85
-12.4,-76.8
-36.83,-73.03
-33.5,-70.7
47.1,0.6
31.5,103.6
-3.0,128.0
-8.1,-79.0
38.0,21.0
39.4,115.7
14.4,120.6
38.7,16.3
-6.92,129.125
37.5,140.0
-0.2,-78.5
35.3,-2.97
43.1,0.2
44.63,10.93
38.4,22.4
44.1,12.0
23.0,120.2
17.0,-96.3
-0.2,-78.4
35.0,25.0
31.7,132.0
35.5,136.0
12.4,-86.6
47.6,-70.1
-14.1,-75.8
38.1,46.3
38.7,112.7
35.5,127.1
35.0,25.0
35.4,52.0
14.6,121.0
36.0,42.5
35.0,136.8
37.0,138.0
18.8,-98.0
18.3,-77.5
42.6,18.1
38.4,27.1
40.6,48.6
37.2,50.0
37.2,57.5
25.0,125.5
42.35,-71.05
38.4,27.1
38.0,46.2
24.0,68.0
35.3,118.6
38.0,126.0
37.6,15.0
40.6,48.6
47.2,11.4
27.5,53.6
33.0,122.5
35.9,126.5
35.5,141.0
40.6,48.6
33.4,134.7
43.933,12.583
36.5,25.5
40.0,26.0
18.3,-69.5
36.3,59.3
1.375,127.52
1.375,127.52
-3.0,128.0
-1.7,-79.0
39.5,20.0
-3.75,127.75
-3.7,128.2
13.0,121.0
34.5,132.0
17.6,-76.5
33.4,104.8
14.5,120.5
35.0,141.5
40.0,144.0
-9.0,-79.0
20.0,-75.5
37.1,50.0
34.2,58.4
38.6,142.0
13.3,43.3
40.1,44.7
40.0,117.0
31.4,119.5
36.5,-4.4
25.0,101.5
34.6,137.6
-18.5,-70.35
37.5,129.5
17.0,-96.3
20.0,-75.5
48.0,6.5
40.1,44.3
27.7,54.3
38.7,112.7
19.0,-71.0
-1.3,-78.6
18.3,-77.5
-13.5,-76.5
-32.8,-70.7
36.2,59.4
17.917,-76.867
17.6,-76.5
44.4,12.0
41.17,14.75
40.38,16.55
38.4,26.9
38.4,26.9
43.7,44.7
24.0,68.0
26.5,99.9
-2.2,-78.9
47.7,10.9
17.5,-61.5
46.6,13.8
18.3,-70.4
17.8,-76.7
-25.4,-64.8
40.1,44.3
23.1,-82.4
37.333,15.167
40.7,15.7
25.0,121.5
40.0,139.5
42.5,12.1
45.4,12.2
36.0,111.5
37.8,21.0
39.3,44.6
16.7,-99.2
-1.2,-78.7
-1.3,-78.7
33.3,131.7
-12.1,-76.6
45.6,15.3
14.4,120.6
45.0,-125.0
36.5,126.5
34.2,129.3
16.5,-97.0
18.3,-72.4
14.4,-61.0
41.1,14.5
44.4,8.917
42.78,13.1
42.467,13.2
26.4,55.5
26.6,56.2
35.0,140.0
38.8,20.8
34.9,106.8
38.0,116.5
41.0,139.5
-18.6,-70.2
63.9,-21.2
41.6,14.6
-13.0,-72.0
40.4,43.0
33.2,134.8
34.1,137.8
43.8,5.8
-3.69,128.15
34.0,137.0
37.4,105.3
27.8,111.3
-4.53,129.9
19.2,-103.7
47.0,0.1
-4.0,129.0
35.5,133.0
34.3,134.0
25.4,103.2
32.0,103.7
17.0,-96.3
38.2,21.7
38.25,21.73
21.85,95.967
36.5,138.0
-17.3,-70.8
38.3,43.2
38.7,43.9
33.3,131.7
29.0,-114.0
-13.7,-76.0
-17.2,-71.2
36.8,3.0
36.8,3.0
41.2,80.3
14.002,120.993
18.3,-66.4
44.1,15.2
39.0,142.7
35.0,105.2
31.4,-8.0
40.8,29.4
38.218,-26.635
38.2,-26.6
47.4,9.5
29.0,77.5
40.4,115.5
20.3,120.3
45.3,14.4
37.9,46.7
23.0,120.2
23.0,120.3
18.0,121.5
37.2,-7.6
38.7,20.6
-6.174,106.829
38.5,20.5
-9.0,-79.0
-16.6,-72.7
-16.4,-70.8
30.1,101.9
25.1,103.1
56.5,118.5
38.1,13.35
36.3,136.0
19.2,-99.1
14.4,-61.0
37.5,13.0
38.0,46.3
39.5,127.3
14.4,121.0
37.5,137.0
-32.5,-71.5
38.5,-28.0
44.0,10.1
42.8,13.0
40.0,116.2
14.1,121.4
36.2,142.2
23.0,-102.0
30.3,-9.4
41.5,15.5
37.9,140.6
16.8,-99.9
41.08,15.15
35.2,140.8
15.7,39.0
26.2,103.1
2.6,-76.5
15.8,121.7
-0.9,-78.6
23.1,120.3
-43.0,-74.0
50.0,157.0
51.1,158.0
55.5,163.0
46.45,16.39
36.8,24.4
33.3,96.6
33.2,104.2
19.2,-104.0
-14.1,-73.2
39.3,-31.1
44.0,21.3
38.9,106.5
40.7,142.3
17.0,-96.3
45.1,19.8
43.2,12.6
38.5,20.5
-36.8,-73.0
37.8,21.0
37.8,21.0
53.3,104.0
50.5,157.0
4.5,-73.8
39.0,20.3
14.0,121.6
11.2,124.3
17.0,121.0
-11.996,-77.198
-13.9,-70.35
13.6,123.2
39.0,-0.65
38.3,22.1
30.4,101.6
30.1,101.9
32.9,103.6
36.4,106.1
20.7,-103.3
14.002,120.993
20.7,-103.3
10.5,-64.2
43.2,0.8
46.0,12.25
36.2,23.0
42.1,24.8
18.5,93.4
24.7,102.9
2.5,-76.5
18.5,-72.3
18.5,-72.3
-36.83,-71.63
18.5,-70.7
19.0,-70.0
43.8,9.0
43.2,12.8
37.8,27.0
26.5,99.9
37.2,138.1
40.4,-8.7
37.8,21.0
31.2,34.2
35.0,36.0
16.8,-99.2
30.8,31.0
14.002,120.993
-3.5,128.5
-3.5,128.5
-0.2,-78.5
42.7,-70.3
37.0,-10.0
34.08,-5.0
46.3,8.0
42.5,21.9
34.0,51.5
24.7,102.2
23.8,102.7
38.7,-9.0
-0.9,-78.6
38.65,-28.08
34.0,-6.8
49.92,-6.32
37.0,15.0
39.3,16.2
45.8,17.4
-6.0,107.0
37.0,-26.0
36.8,10.2
19.5,-102.3
44.9,7.3
38.0,20.5
41.0,24.0
33.0,35.5
33.3,35.7
20.0,-75.5
34.5,-13.0
50.0,90.0
24.4,102.5
24.4,102.5
22.0,92.0
38.1,138.7
47.7,18.2
24.3,102.8
-6.0,130.0
40.7,142.0
41.0,142.5
40.5,143.5
15.91,-85.96
38.7,-9.2
13.7,-89.2
-33.05,-71.617
34.8,105.0
14.7,-89.5
3.7,-76.3
19.9,-76.1
10.47,-64.17
14.4,-61.1
38.0,20.5
41.0,29.0
27.7,54.3
40.9,140.7
14.4,-61.0
39.3,16.2
38.2,20.2
22.2,113.55
14.2,121.0
44.0,12.0
44.1,15.2
26.2,127.5
-4.85,152.8
46.9,9.5
38.8,20.8
33.0,44.5
29.4,52.3
51.8,105.5
32.3,132.0
18.5,-73.4
38.717,20.65
24.6,99.9
-5.0,102.0
14.6,120.98
38.6,142.0
17.6,-76.5
14.2,121.0
24.0,124.3
44.4,4.8
39.5,20.0
39.3,142.7
14.6,-90.7
14.6,-90.7
35.8,-5.83
47.0,-55.0
4.9,-52.3
46.9,8.7
19.9,-76.0
19.0,-72.4
19.0,-72.4
9.2,-70.3
46.0,15.9
-3.7,128.2
16.7,-99.2
19.0,-70.4
23.5,120.6
20.3,-103.7
35.5,-5.4
38.5,27.0
33.9,51.3
33.6,51.3
38.0,46.7
18.2,-78.1
42.4,18.8
35.0,25.8
38.0,46.2
45.3,151.2
18.1,-77.3
43.6,13.5
36.3,43.1
24.5,120.5
35.1,139.7
19.3,-70.4
38.2,15.55
38.217,15.633
38.3,15.967
38.583,16.2
38.767,16.3
38.3,16.3
38.783,16.467
38.9,17.1
38.7,30.7
16.9,-99.9
17.0,-96.3
18.5,-72.3
-16.5,-72.0
63.8,-20.5
40.9,0.3
38.167,15.633
38.317,16.4
39.7,39.5
4.6,-74.0
38.2,21.7
39.9,98.0
8.5,-71.2
38.2,15.2
39.7,19.8
44.0,80.8
29.8,102.1
16.5,-98.5
15.5,-97.0
18.47,-77.92
18.3,-66.4
18.0,-66.4
10.8,122.5
10.7,122.5
55.0,-161.0
57.0,-153.0
14.0,-61.0
7.6,1.7
43.5,12.2
24.2,102.8
34.6,110.3
35.7,-0.6
54.0,162.0
14.6,-91.5
35.3,-2.97
38.5,16.1
37.5,20.3
35.8,21.0
38.0,46.2
24.5,117.7
34.5,135.4
56.0,163.0
57.0,-152.0
31.0,101.5
23.6,120.5
32.8,130.3
43.5,140.6
54.0,162.0
19.0,-72.3
39.3,-31.1
30.6,101.5
40.85,139.95
38.5,144.0
10.47,-64.17
34.0,51.4
17.0,-96.3
10.7,-61.7
9.3,-13.4
7.4,-72.7
-27.35,-70.35
40.5,13.9
35.2,35.8
16.0,119.5
-1.64,-78.67
10.6,-64.1
0.001,99.0
10.2,-82.9
-27.35,-70.35
43.5,11.2
36.2,23.0
-12.0,-77.0
7.5,-73.5
46.9,-2.0
43.1,13.0
43.1,13.1
39.4,67.2
23.8,102.4
36.6,136.6
19.2,-99.1
28.1,-17.1
36.2,53.3
17.0,-96.3
46.9,8.6
10.3,-64.5
17.2,-62.4
36.5,2.9
45.5,10.0
45.7,26.6
-3.7,128.2
37.7,138.3
27.5,77.5
25.6,100.6
36.833,-2.833
36.9,-2.4
38.3,21.8
38.2,21.8
39.05,139.95
5.3,-74.6
10.5,-64.2
41.2,14.7
36.3,52.4
34.4,-119.7
18.9,-103.8
-12.1,-77.1
41.7,12.7
-0.217,-78.5
35.3,-2.97
44.833,7.25
36.2,50.0
36.3,53.3
33.9,134.8
-33.88,18.45
36.3,53.0
14.0,143.3
26.0,-111.35
23.8,-82.2
28.2,-16.6
35.5,25.0
39.9,139.9
35.6,-90.4
35.6,-90.4
-33.08,-71.67
41.8,45.2
31.7,100.3
25.2,121.3
13.1,123.9
34.2,-119.9
34.37,-117.65
36.5,-89.6
36.3,-89.6
18.0,-76.8
10.6,-66.9
43.3,5.366
43.7,5.7
41.9,12.45
43.7,83.0
35.4,139.6
-14.1,-75.4
29.6,52.6
43.2,0.4
23.7,102.5
35.8,114.4
-10.217,123.633
13.1,123.9
17.0,-96.3
38.8,20.5
35.0,25.75
34.8,111.2
-8.0,115.0
25.2,121.2
-3.7,128.4
15.5,-91.5
5.0,96.5
31.4,100.7
39.95,-75.1
45.9,6.8
38.25,22.25
19.1,-103.6
19.2,-99.1
43.917,8.033
37.8,14.0
37.6,15.0
42.8,23.3
-4.0,101.5
-7.0,117.0
-27.0,-71.5
-27.4,-70.3
-27.4,-70.3
35.07,0.02
42.5,11.8
66.416,12.85
23.0,71.0
36.1,102.3
54.52,-164.65
17.2,-99.6
10.5,-64.2
-4.5,11.6
38.8,20.5
37.75,21.25
29.6,52.5
36.5,53.5
34.1,113.8
-7.0,119.0
-16.107,-72.967
-15.95,-5.7
35.3,-2.97
37.8,21.2
45.7,26.6
10.1,-83.3
-33.0,-72.0
-33.05,-71.63
12.1,-64.1
36.0,36.0
36.0,36.0
33.0,104.6
42.7,-79.0
10.5,-63.8
14.4,-61.1
38.1,14.7
42.7,18.2
39.75,20.75
29.6,52.5
36.3,53.3
-6.5,108.5
18.0,-76.5
16.7,-62.2
14.4,-61.0
29.7,51.6
29.8,52.4
14.25,121.25
13.7,121.7
11.1,-74.1
10.4,-61.3
36.4,2.8
38.75,20.75
29.6,52.5
36.1,52.6
14.0,143.3
20.0,-75.5
4.6,-73.9
27.07,142.21
-45.8,166.5
1.8,-76.4
14.4,-61.0
40.7,36.6
31.6,74.3
34.9,111.1
53.0,158.5
-12.13,-77.809
40.7,13.9
40.7,48.4
34.2,74.5
-7.0,119.0
14.55,120.9
32.6,129.9
37.5,139.5
-33.05,-71.63
38.2,-0.9
41.2,24.5
41.2,24.5
44.2,26.1
51.4,104.1
33.2,117.9
36.6,118.5
17.0,-96.3
43.0,47.0
43.5,47.5
35.7,52.1
36.4,54.3
36.4,114.2
14.55,120.9
14.55,120.9
35.0,136.0
-18.5,-71.0
12.4,-61.5
13.1,-59.617
43.8,7.8
38.1,15.7
37.8,27.0
32.8,116.8
-38.7,178.0
42.9,12.6
39.0,17.0
36.5,71.0
16.8,-99.9
-28.5,-71.3
-18.251,-71.01
40.4,19.9
29.4,80.1
28.3,85.5
-2.5,100.5
25.2,103.0
38.9,139.15
16.8,-99.9
1.4,-77.1
1.2,-77.0
11.0,-74.2
8.8,-70.9
44.3,9.4
47.6,22.3
31.3,35.6
28.6,87.1
33.0,97.0
24.9,103.0
-6.7,107.0
43.3,141.4
14.0,143.3
-36.83,-73.03
46.7,7.8
39.3,16.3
38.5,35.5
-3.7,128.2
37.9,141.9
38.0,-122.0
-22.6,-70.3
40.1,15.8
39.6,16.6
-8.3,118.7
-8.3,118.7
20.0,-105.0
16.86,-99.88
19.45,-99.15
-42.5,-74.0
10.3,-66.6
18.2,-64.5
44.2,10.5
33.0,35.5
5.5,96.0
34.6,103.7
-8.5,118.5
37.6,-122.4
-36.7,-73.1
45.7,26.6
32.0,34.5
21.8,96.0
13.7,-89.2
10.5,-64.2
14.4,-61.1
45.9,6.1
21.9,96.0
26.1,99.9
26.1,99.9
23.4,120.4
42.5,145.0
-12.3,-77.3
39.8,-75.2
46.2,14.7
38.0,21.0
39.7,44.4
-8.0,110.5
12.9,123.9
0.8,127.325
10.0,-84.0
38.4,-25.3
-4.0,127.5
-5.0,130.0
52.0,158.0
19.75,-72.2
36.5,22.3
9.6,39.8
40.5,50.0
34.4,70.5
24.0,89.25
43.6,93.0
-29.9,-71.3
16.5,-62.2
36.3,27.5
38.3,44.6
38.6,44.9
19.0,77.0
1.5,98.0
-7.2,114.0
42.0,146.0
-39.9,175.0
11.2,-84.8
11.0,-84.0
18.3,-66.8
-25.0,-66.0
13.1,-61.1
40.98,34.8
37.4,48.0
33.6,51.4
17.0,-100.6
17.0,-96.3
11.1,-74.5
-18.5,-70.4
46.1,14.5
39.1,26.2
12.3,39.0
23.583,68.367
24.1,120.5
1.48,124.85
-39.93,175.05
-14.0,-76.8
-27.35,-70.35
43.4,10.6
37.0,15.3
37.0,22.0
26.0,93.0
2.0,126.5
39.5,142.5
17.0,-96.3
-12.1,-77.1
-32.45,-71.27
-31.61,-71.18
-31.61,-71.18
38.7,-9.2
29.5,30.5
7.333,93.667
-6.67,108.55
37.0,138.0
46.0,152.0
-17.9,-149.9
17.0,-96.3
35.3,-2.97
37.2,15.2
24.1,120.5
-41.67,174.0
-41.3,174.5
7.3,-72.3
10.7,-71.6
-29.95,-71.37
14.0,143.3
55.0,166.0
55.0,166.0
42.8,17.7
27.8,102.3
34.7,104.9
37.8,-122.4
40.0,-122.0
10.4,-75.4
-33.32,-71.42
-27.35,-70.35
16.2,-61.4
46.3,8.0
41.0,15.7
40.5,19.7
40.5,19.7
41.2,20.2
36.5,28.8
36.2,55.0
25.1,62.3
32.5,-115.5
17.0,-100.0
17.0,-96.3
-12.1,-77.1
20.0,-75.8
38.3,-28.4
37.5,-25.3
39.9,41.3
37.1,58.4
27.7,68.8
1.5,98.0
37.5,105.2
-6.5,105.5
14.0,120.5
13.8,121.1
-3.7,128.2
-5.25,129.75
-5.0,130.5
-21.167,-175.167
35.5,-121.0
10.5,-64.2
40.9,15.2
40.8,15.2
38.25,23.5
29.6,52.5
14.0,123.0
26.2,127.6
35.5,139.5
47.0,154.0
57.0,-152.0
37.8,-122.4
34.4,-119.7
24.0,-104.4
19.8,-100.2
17.0,-96.3
13.8,-89.2
8.5,-83.0
8.5,-83.0
43.0,-0.1
43.8,7.9
44.3,11.8
39.3,16.3
39.5,20.5
38.06,45.03
29.1,107.1
0.8,127.4
-3.5,128.6
33.1,135.0
35.0,136.0
34.0,137.9
40.75,-124.2
37.8,-122.4
34.1,-118.1
17.0,-96.3
17.0,-96.3
15.91,-85.96
-33.0,-71.7
37.1,5.7
43.8,6.4
46.3,7.9
42.0,19.5
40.2,29.1
40.2,29.1
40.2,29.1
29.2,108.1
16.0,121.0
39.1,121.6
0.8,127.3
32.5,134.5
34.5,137.6
35.65,139.8
-41.25,175.0
-39.2,177.6
37.5,-122.3
17.0,-96.3
16.0,-88.0
37.1,-8.0
37.1,5.7
37.1,5.7
46.4,12.4
35.5,26.0
38.25,26.25
29.7,108.8
-8.5,116.0
3.67,125.5
40.5,143.5
35.0,-119.0
36.5,1.3
40.3,16.0
39.4,16.4
40.2,29.0
4.9,31.7
38.4,42.1
37.4,45.3
38.3,45.4
-8.0,115.5
1.35,125.2
1.35,125.2
34.8,138.3
-5.5,147.0
37.5,-122.0
19.2,-99.1
17.0,-96.3
-30.0,-71.4
38.2,-9.0
49.2,18.8
40.0,20.0
40.0,20.1
38.0,23.0
42.8,23.2
19.0,95.0
1.0,126.0
26.2,127.5
36.0,137.5
36.571,137.59
55.0,166.0
37.6,-122.3
13.7,-89.8
13.33,-87.81
-0.3,-78.5
-27.35,-70.35
43.4,11.3
42.8,13.1
40.2,25.8
39.9,41.3
40.7,48.5
-9.0,111.0
0.9,124.9
0.009,125.5
1.0,126.5
-4.6,129.9
-5.5,130.5
-40.85,145.32
-12.1,-77.1
18.52,-73.35
40.0,20.1
1.3,121.0
-1.25,128.5
37.5,-122.0
18.5,-77.9
-13.8,-73.4
-32.8,-68.8
46.0,12.0
38.2,22.2
13.74,41.55
1.0,97.5
1.0,97.5
-1.0,97.5
0.009,98.0
-1.5,100.0
39.1,121.7
38.5,142.0
32.7,-117.2
12.7,-87.0
7.0,0.4
40.3,19.3
38.3,20.5
38.8,30.5
35.0,59.0
52.3,106.7
35.5,111.5
23.4,120.0
14.5,121.0
44.0,6.2
38.25,26.25
36.5,28.0
40.5,29.1
38.53,30.55
38.0,47.6
38.1,48.2
43.8,87.6
26.0,100.1
-6.1,106.7
-7.5,109.3
14.5,121.0
14.5,121.0
44.6,141.5
-19.0,168.5
18.6,-97.5
18.2,-72.53
46.5,-53.7
33.38,45.98
38.25,48.28
30.6,57.0
-1.0,135.0
-19.5,-173.5
41.0,-124.5
38.5,-122.5
37.2,-121.9
-12.0,-77.1
37.7,15.1
39.4,26.2
33.2,44.26
29.6,53.1
-7.2,110.3
13.25,123.5
58.0,-152.0
19.0,-98.0
40.3,19.3
40.4,19.5
40.1,20.1
36.0,23.0
36.4,25.3
27.7,85.3
18.2,120.6
18.1,-65.1
18.4,-64.3
18.4,-64.3
10.9,-64.1
36.4,2.7
38.4,20.2
39.8,20.8
36.4,22.2
39.2,26.4
33.5,44.9
-7.8,110.4
25.34,121.91
55.0,-161.0
19.0,-155.5
37.7,-122.1
21.0,-101.0
21.2,-100.5
16.8,-99.9
16.8,-99.2
0.31,-78.18
0.81,-77.72
-36.7,-73.2
7.0,-73.0
-17.0,-72.5
-33.1,-71.7
-18.6,-71.0
-18.6,-71.0
18.1,-65.1
10.7,-63.1
37.6,15.133
40.0,41.7
41.2,43.8
36.3,56.3
41.2,69.6
24.5,91.5
32.4,117.8
-40.2,173.0
37.783,-122.417
37.783,-122.417
-12.1,-77.1
-16.4,-73.9
-39.9,-73.4
7.7,-73.3
-36.6,-73.0
7.5,-72.1
-30.0,-71.4
-19.6,-70.23
-19.6,-70.2
-21.0,-70.0
34.9,5.9
40.3,19.3
38.8,20.8
37.0,28.0
44.75,35.0
27.7,85.3
24.5,92.5
13.5,121.0
12.5,123.5
15.4,-96.3
14.083,-90.383
12.4,-86.6
47.4,-70.5
9.5,-69.5
-22.5,-68.9
39.28,16.28
39.2,16.3
38.5,22.5
38.5,22.5
30.0,99.0
7.0,125.4
20.7,-157.0
40.4,-124.2
18.2,-94.5
-13.0,-77.0
-13.65,-76.4
40.5,-73.9
-41.5,-73.0
-35.0,-72.5
-33.1,-71.7
-20.2,-70.2
18.35,-64.9
18.4,-64.6
37.3,58.3
0.5,123.0
7.4,124.2
9.203,124.673
52.2,-168.5
36.7,-118.1
17.0,-96.3
43.2,-71.53
-16.4,-71.5
5.5,-0.4
39.8,20.3
48.4,23.3
36.2,36.2
34.8,47.6
34.5,48.0
40.6,48.7
37.3,58.3
16.0,119.0
13.8,121.0
34.9,132.0
27.07,142.21
42.0,-124.0
13.64,-89.13
13.6,-89.0
8.96,-79.53
-32.3,-71.16
-23.6,-70.4
44.5,4.7
46.2,12.4
41.7,13.7
38.0,23.3
37.8,27.0
-5.5,146.0
28.2,-100.2
14.5,-90.7
10.4,-66.6
18.1,-65.1
10.5,-63.1
38.8,38.8
35.0,69.0
22.0,89.0
17.0,120.6
6.8,122.0
20.0,-105.0
20.7,-103.4
7.9,-72.5
18.3,-66.4
37.3,21.8
40.2,26.4
37.75,27.0
38.7,29.4
38.1,30.2
44.5,33.4
16.0,38.5
-6.9,108.3
16.3,120.3
13.6,123.2
-6.0,147.0
-18.5,168.0
-20.0,168.5
38.8,30.5
25.4,99.4
-3.0,127.25
-12.07,-77.15
3.88,-77.08
-24.0,-71.0
-21.5,-70.5
-19.6,-70.2
-20.2,-70.1
-21.2,-70.1
53.6,-166.4
34.1,-117.3
20.3,-103.4
13.5,-88.4
-12.0,-77.0
5.1,-75.5
-36.8,-73.0
-23.7,-70.4
-19.92,-70.335
-20.2,-70.1
-20.2,-70.1
10.3,-66.8
10.7,-66.5
46.2,16.8
40.8,29.0
27.7,100.8
6.9,125.1
-4.25,152.25
-19.0,168.5
-19.0,168.5
-19.0,168.5
34.227,-118.433
13.4,-89.1
9.5,-67.2
6.5,-3.3
37.5,15.0
29.0,33.0
37.8,47.9
37.5,57.4
33.2,104.7
9.8,125.5
55.8,-155.6
57.0,-136.0
22.4,-83.0
-31.62,-71.18
45.9,16.1
38.6,27.1
38.6,27.1
38.1,27.8
42.0,35.2
36.1,46.2
40.5,48.1
27.1,54.2
33.0,104.6
15.0,121.5
15.0,121.5
16.0,121.85
36.7,137.3
-38.85,178.85
11.5,-86.3
11.0,-84.0
17.97,-76.8
-19.6,-70.2
-20.2,-70.1
40.7,13.9
38.4,26.1
38.2,26.2
38.25,26.25
40.6,33.6
38.5,43.3
38.3,44.6
8.52,92.43
33.6,104.6
24.5,120.7
16.5,121.1
16.2,121.2
25.0,121.5
43.3,147.3
-16.0,179.0
17.5,-98.3
10.0,-79.0
-33.58,-71.63
-19.6,-70.2
46.0,14.2
40.9,14.4
8.567,81.233
38.1,115.5
23.8,120.5
-4.5,129.9
7.4,-76.9
40.7,13.9
38.3,26.2
38.1,46.3
27.5,52.3
37.9,112.5
13.4,-88.5
7.5,-79.0
40.6,-73.75
41.31,-72.92
36.95,-3.983
15.7,39.6
26.81,55.91
23.0,101.1
23.5,120.4
-16.0,179.0
20.8,-103.4
12.3,-86.8
2.5,-76.5
-20.2,-70.1
36.1,4.6
37.0,22.0
41.9,47.8
42.7,74.1
33.5,75.0
34.0,76.0
24.8,89.5
5.55,95.3
25.0,104.0
34.5,105.7
8.3,123.6
9.8,125.5
-2.5,127.5
32.9,-80.0
9.3,-70.4
37.1,21.5
5.6,95.3
31.0,-109.0
28.2,-100.2
17.7,-100.0
19.7,-74.4
35.58,0.33
43.9,8.1
44.2,12.0
39.6,16.3
38.3,22.8
43.1,76.8
5.4,96.0
23.7,102.5
10.7,122.6
13.7,123.3
9.95,-84.1
9.2,-69.8
10.3,-61.1
-34.5,-57.9
38.2,22.1
41.3,43.3
33.3,49.3
5.8,95.0
36.5,102.2
37.1,104.2
38.5,119.0
-34.5,172.7
17.7,-100.0
18.8,-99.0
6.8,-6.7
38.3,22.0
39.2,26.0
43.2,78.7
-7.0,113.5
13.5,121.0
1.0,126.25
32.8,130.7
36.6,54.6
-6.76,111.04
36.9,112.9
11.2,124.4
-4.5,129.9
48.0,-123.5
25.5,-103.5
36.5,1.8
38.3,43.2
5.4,96.0
37.1,111.9
-9.0,124.0
35.5,137.0
-37.4,174.4
38.5,-122.5
38.5,-121.9
31.5,-116.5
-18.5,-70.35
30.5,66.2
2.5,99.5
17.3,120.6
21.0,122.0
-3.0,127.75
37.0,136.8
14.0,143.3
-15.25,166.83
17.97,-76.8
41.75,16.0
40.2,19.7
37.7,20.9
37.7,20.9
44.2,21.2
40.5,25.5
38.3,38.3
37.2,58.4
41.2,80.3
41.7,82.8
30.5,101.5
36.6,101.8
6.9,125.8
42.5,145.5
43.3,147.5
-17.75,168.3
8.5,-71.7
9.4,-70.1
-32.0,-68.5
38.3,15.9
37.75,21.75
38.7,23.1
38.6,23.2
40.6,28.7
29.4,52.3
37.1,58.3
6.0,126.0
8.2,126.1
38.9,139.8
35.7,139.9
42.5,146.0
37.0,-89.4
40.667,-74.883
-18.0,-71.0
43.9,11.1
41.7,12.2
46.1,14.5
41.2,19.3
40.1,19.4
40.0,20.1
39.5,20.5
39.5,20.5
35.7,51.4
39.5,53.7
37.1,58.4
16.8,96.2
23.5,116.5
13.4,121.7
33.0,130.0
-8.4,150.1
-38.8,176.0
19.2,-104.0
17.6,-76.7
-33.0,-71.0
64.0,-21.0
43.7,8.1
38.5,45.0
37.8,48.3
30.3,57.1
37.0,71.0
39.7,75.9
38.0,76.0
-3.5,102.5
29.2,104.9
-8.25,124.75
40.0,141.0
36.5,141.0
39.5,144.0
43.5,146.0
17.0,-96.3
16.0,-95.0
-11.9,-76.8
18.5,-69.95
16.72,-62.18
16.5,-61.8
39.0,12.5
40.0,20.1
26.95,56.26
26.0,91.0
18.0,120.0
-6.8,120.8
24.7,121.8
6.0,122.0
6.0,122.0
12.0,124.0
12.0,126.0
12.0,126.0
12.0,126.0
-37.3,139.7
40.0,140.0
38.1,141.9
39.0,143.0
38.0,143.7
39.0,-124.0
38.2,-122.4
12.0,-86.0
-36.83,-73.03
42.4,13.0
43.6,16.7
39.75,20.75
37.75,21.0
36.5,54.9
39.8,76.6
39.1,113.0
38.6,142.0
52.0,172.0
60.0,-142.0
60.0,-140.0
60.0,-140.0
33.5,-117.0
17.0,-98.0
18.0,-77.0
10.4,-69.2
-21.97,-63.67
37.25,21.75
37.93,28.84
41.6,43.5
-3.0,128.5
-12.4,130.7
31.9,132.0
31.9,132.0
-5.0,148.0
-3.0,152.0
53.0,159.0
57.09,-153.48
58.6,-137.5
20.0,-105.0
20.0,-105.0
10.0,-85.5
4.6,-74.0
10.6,-66.95
11.0,-66.0
10.3,-63.3
40.3,43.1
-6.84,106.96
-0.03,127.25
36.5,133.5
-4.0,140.0
43.0,146.0
-5.0,148.0
-4.0,152.0
-10.0,165.0
51.45,-171.02
36.0,-120.5
11.0,-86.5
-2.0,-82.0
39.4,26.7
43.4,28.5
43.4,28.7
40.0,41.5
26.0,100.1
14.0,121.6
14.0,122.0
27.0,130.0
40.6,142.3
40.5,142.5
40.5,142.5
39.0,143.0
45.0,148.0
-22.0,170.0
-20.0,-174.0
52.4,-167.5
34.5,-120.5
29.0,-114.0
37.4,-113.5
17.6,-99.7
16.6,-92.6
14.71,-91.59
14.0,-91.0
13.5,-89.5
40.75,23.25
40.7,33.6
40.7,48.6
26.6,56.2
27.1,56.3
40.8,72.3
39.88,76.2
26.3,99.9
10.8,122.6
7.5,123.5
18.0,146.0
50.0,148.0
-8.0,150.0
-20.0,-175.0
61.56,-158.54
16.7,-99.2
15.0,-98.0
4.6,-74.0
-28.5,-71.0
-20.2,-70.15
44.3,10.0
38.1,13.4
36.0,23.0
32.2,35.3
39.1,42.4
39.1,42.5
40.9,42.7
35.2,58.2
48.0,98.0
-8.0,106.0
7.0,126.0
-3.0,127.5
14.0,143.3
-17.0,168.0
64.66,-148.08
9.2,-82.8
-1.0,-80.5
7.0,-79.0
41.8,23.2
41.8,23.2
37.75,27.0
31.2,100.9
-7.7,109.0
23.5,120.3
23.5,120.5
30.0,130.0
40.0,134.0
42.5,145.8
52.0,159.0
52.0,159.0
52.0,159.0
-40.5,177.0
50.73,-178.55
-27.5,-173.0
-1.0,-168.0
20.3,-103.4
9.85,-84.68
37.3,9.9
42.1,13.9
38.67,16.07
42.1,19.6
42.0,23.0
40.25,24.2
40.2,29.0
36.1,37.1
44.5,37.5
38.1,38.6
42.0,42.0
26.4,56.3
33.0,76.0
49.0,98.0
49.0,99.0
29.3,104.8
1.0,123.0
11.0,123.5
34.0,132.0
37.4,142.6
45.0,143.0
-4.0,149.0
53.0,164.0
-15.6,167.2
-17.7,168.3
-17.7,168.3
56.85,-153.9
37.67,-122.48
19.0,-113.8
1.0,-81.5
1.0,-81.0
-2.0,-79.0
3.9,-77.033
3.5,-76.2
4.6,-74.0
4.6,-74.0
-33.0,-72.0
-18.0,-71.0
-18.5,-70.3
10.5,-66.917
15.0,-61.0
14.0,-61.0
6.5,0.3
38.0,13.7
41.1,20.0
9.0,38.4
43.5,85.0
24.6,98.6
26.6,104.1
-22.0,109.0
24.5,118.5
23.4,120.4
23.6,120.5
34.0,138.0
-4.0,149.0
-7.0,149.0
51.05,179.69
-21.17,-175.73
52.59,-169.73
59.5,-135.5
28.0,-112.5
17.0,-100.0
18.2,-76.8
-8.01,-76.79
-13.2,-75.4
38.0,13.7
38.133,16.017
41.1,20.1
38.5,67.9
2.0,94.5
18.0,120.0
-2.0,121.0
3.0,122.0
14.0,123.0
14.0,123.0
13.5,123.0
1.0,127.0
-3.1,142.5
51.5,147.0
-7.5,153.7
19.0,-155.0
61.0,-146.2
17.0,-101.0
18.0,-99.0
-14.0,-78.0
38.17,15.58
36.5,70.5
26.639,96.866
-2.0,100.0
3.0,123.0
9.0,126.0
-10.0,129.0
45.0,150.0
-18.0,-179.0
41.8,-112.7
17.0,-101.2
16.8,-99.8
-26.5,-70.5
38.9,-8.8
35.6,-5.4
43.7,5.4
4.2,9.2
44.5,10.5
43.2,11.5
43.2,11.5
37.7,15.2
37.9,21.5
38.6,26.9
40.3,29.6
40.2,37.8
33.0,50.0
30.0,68.0
36.5,70.5
35.5,72.5
-2.0,101.0
24.4,103.0
25.0,121.5
24.4,121.8
8.0,127.0
32.0,131.0
35.4,136.3
34.5,141.5
34.5,141.5
12.5,145.0
-10.0,165.0
-15.5,167.2
52.0,175.0
16.8,-95.9
17.0,-85.0
10.0,-84.0
9.8,-84.0
35.3,-2.97
36.0,4.0
40.9,15.4
-8.0,31.0
40.9,34.6
35.0,122.0
25.5,122.5
9.0,125.5
4.5,126.0
4.0,127.0
33.0,138.5
42.0,145.0
-4.25,152.25
-16.0,166.0
-14.0,166.5
-8.0,167.0
-20.0,169.0
-19.0,169.5
60.5,-149.0
17.5,-102.5
17.0,-100.7
-20.0,-72.0
43.2,0.2
37.7,15.2
40.4,20.5
41.1,20.7
31.23,57.03
36.0,70.5
38.2,72.8
43.5,77.5
39.8,114.5
23.0,115.3
14.002,120.993
9.0,126.0
28.0,130.0
7.0,137.0
-4.25,152.25
51.8,156.0
57.5,-155.0
20.4,-103.2
19.9,-99.9
19.9,-99.8
-5.62,-80.413
-29.0,-62.5
64.0,-20.0
38.0,20.5
40.5,27.2
21.0,97.0
12.6,124.0
7.0,138.0
7.0,138.0
40.5,142.0
-20.0,-174.0
7.1,-80.6
-3.4,-79.6
-17.0,-74.0
-16.6,-73.3
-14.2,-72.9
39.6,16.2
43.5,25.5
26.8,53.7
28.4,102.3
24.15,102.45
5.354,126.121
9.5,127.8
-7.0,148.0
46.0,152.0
-5.0,154.0
47.5,155.5
-18.0,169.0
-19.5,169.0
-41.8,171.5
16.8,-92.2
-0.2,-78.2
-12.0,-76.6
-15.2,-73.2
-15.5,-73.2
-35.0,-73.0
-17.0,-72.0
43.5,10.2
37.7,15.2
38.8,20.6
38.25,23.25
37.82,30.27
39.2,36.0
43.5,91.5
-3.924,101.82
31.58,130.67
6.0,132.5
-1.829,136.943
39.2,139.8
22.0,143.0
-37.8,178.2
40.5,-117.5
32.8,-115.5
14.0,-89.0
14.56,-88.76
-18.5,-68.5
42.0,13.5
38.5,20.7
29.5,91.5
18.0,119.5
11.3,122.3
23.6,123.5
-3.644,133.695
-1.0,136.0
38.3,142.9
47.0,155.0
53.5,163.3
53.3,-170.0
11.0,-86.0
9.6,-82.0
18.5,-68.0
-21.0,-68.0
10.46,-67.77
-28.5,-63.0
46.3,14.6
38.817,15.233
41.0,37.0
30.0,81.0
-9.0,113.0
23.7,120.9
24.0,121.0
11.1,122.3
29.5,131.5
-3.0,135.5
-3.0,136.0
33.0,141.0
-4.0,144.5
-4.739,152.548
46.5,160.0
48.5,178.5
-29.0,-177.5
-29.2,-177.0
-15.5,-173.0
54.79,-169.12
15.0,-97.0
14.6,-90.6
13.82,-89.31
4.0,-74.0
43.5,12.1
42.5,12.7
41.7,13.6
43.6,13.7
45.9,15.6
28.0,104.0
-7.0,116.0
31.3,116.2
24.47,118.08
23.9,120.9
23.2,121.6
25.0,123.0
6.0,125.0
-7.5,128.0
42.5,131.0
-3.705,141.729
56.5,163.0
33.7,-117.0
14.0,-90.0
-28.5,-71.5
-26.0,-71.0
18.2,-68.2
18.5,-67.5
18.7,-67.189
34.5,58.2
24.5,91.0
26.9,103.0
23.5,117.2
20.4,121.95
5.5,123.0
6.5,126.5
-7.0,129.0
45.4,136.5
-3.5,142.5
45.5,151.5
44.5,151.5
-19.5,-176.5
-18.352,-172.515
13.69,-89.19
12.33,-88.291
44.0,11.5
43.5,12.1
41.4,12.6
41.6,14.2
39.4,20.5
12.0,122.0
8.0,126.0
-2.55,140.75
40.5,145.5
-4.806,153.859
-16.5,180.0
19.26,-96.97
-38.0,-73.5
-32.7,-68.4
44.3,10.3
40.5,19.5
40.2,20.0
42.0,44.1
36.601,105.317
23.5,122.7
0.87,122.92
-6.5,150.0
-19.919,168.53
38.7,-112.1
19.7,-104.3
15.0,-91.0
-2.5,-71.0
44.3,11.9
42.7,12.0
43.2,13.2
3.8,16.3
15.6,39.6
36.5,70.5
-11.0,111.0
0.7,117.9
40.13,124.38
7.0,126.0
8.0,127.0
-2.3,138.8
41.0,-125.5
-16.5,-73.0
-16.0,-72.5
-28.0,-72.0
2.5,-71.0
-2.5,-71.0
11.7,-70.85
-28.553,-70.755
36.3,1.3
45.2,12.7
44.4,20.4
36.5,70.5
5.5,95.2
-1.0,100.35
24.5,122.0
9.0,123.25
10.2,123.5
10.2,124.1
-3.3,128.9
32.7,130.3
-7.111,143.53
47.0,151.8
-43.0,173.0
40.8,-124.5
-0.4,-78.3
1.0,-77.5
5.2,-73.2
-28.75,-71.75
-18.5,-70.3
43.7,12.0
41.7,13.5
43.2,17.1
29.2,56.9
37.6,57.3
37.2,57.7
35.2,59.2
24.969,90.752
31.5,101.0
10.1,109.0
-7.7,109.2
6.5,124.0
9.3,125.0
-1.75,128.75
35.1,139.5
34.9,140.2
35.4,141.8
-4.539,153.107
-4.653,154.232
54.0,161.0
55.0,162.4
56.5,162.5
-1.6,-78.6
64.15,-21.95
35.1,5.2
42.5,12.7
43.8,13.2
40.0,42.0
39.7,42.8
36.8,83.8
-7.3,109.8
-7.3,109.9
16.0,118.0
8.5,126.5
6.5,126.5
35.5,139.5
49.179,142.436
44.737,147.416
-56.0,157.5
-49.5,159.0
60.0,-146.0
34.418,-120.196
46.4,-111.24
18.5,-107.0
12.2,-85.2
-26.0,-71.5
11.0,-42.0
43.2,10.8
43.2,10.9
46.1,12.2
44.2,12.2
40.2,16.1
38.0,30.5
41.2,42.8
28.5,51.2
34.6,58.1
27.0,100.0
25.7,100.4
-8.0,115.0
12.2,122.1
9.3,122.7
13.0,125.0
35.75,134.75
-18.5,168.5
20.5,-155.5
12.3,-85.8
-28.0,-71.0
37.973,-28.59
34.0,-4.6
44.6,10.7
41.5,13.8
38.567,14.833
42.6,18.5
41.0,19.5
36.5,27.5
40.7,43.7
25.6,100.3
-0.3,100.4
-0.7,100.6
-7.1,109.0
27.0,127.0
-3.5,138.5
-10.061,159.215
-9.674,159.519
-10.0,161.0
-49.0,161.0
57.69,-136.07
34.813,-120.774
32.5,-115.5
-44.6,-73.0
45.0,7.0
44.5,9.6
44.5,9.6
45.8,11.8
42.9,13.1
41.9,13.5
41.5,13.8
45.8,14.2
44.1,20.5
36.75,22.75
44.4,34.3
44.4,34.4
44.4,34.5
32.0,35.5
36.75,102.0
24.1,102.0
25.2,102.5
26.0,103.0
-0.7,119.7
23.0,120.5
35.6,135.1
37.9,142.0
34.2,142.0
55.663,160.039
-19.8,-174.345
49.0,-125.0
17.8,-97.6
17.75,-97.1
16.028,-97.036
16.0,-97.0
15.67,-96.1
-5.5,-79.0
-5.0,-78.0
-35.0,-72.0
-22.5,-70.5
-13.0,-69.5
-13.0,-69.5
44.2,9.2
42.9,11.6
46.4,13.0
38.8,16.0
38.0,23.0
38.0,23.0
38.0,23.5
42.1,25.0
42.2,25.3
40.8,26.8
38.1,27.4
37.3,57.9
31.6,60.0
-2.5,88.5
31.5,120.5
12.4,120.9
7.0,124.0
40.0,143.2
-22.0,170.5
51.0,-170.0
51.0,-131.0
42.9,-78.3
-23.0,-69.0
10.5,-64.2
44.69,-56.0
-54.0,-29.5
63.9,-21.7
40.2,37.9
32.2,49.7
37.8,57.6
37.5,58.0
36.5,70.5
25.2,97.2
25.5,98.0
40.7,111.6
8.5,127.0
31.7,132.2
49.8,154.8
52.5,171.5
-41.75,172.25
34.03,-118.643
12.1,-86.2
-28.5,-71.0
-24.7,-66.3
37.8,-4.5
36.0,-3.0
43.667,13.267
43.7,13.3
38.6,14.6
41.1,15.4
40.5,19.5
40.3,19.6
40.4,20.5
35.8,24.8
-4.05,39.667
38.1,44.7
35.8,52.1
38.4,68.5
25.5,90.0
17.4,95.5
18.2,96.4
17.3,96.5
25.8,98.4
30.0,100.0
26.8,103.0
-5.6,105.3
-9.3,114.3
32.2,119.4
23.2,120.6
23.2,120.6
1.2,124.57
35.0,139.0
-1.3,144.3
-4.423,145.46
16.1,-96.8
13.2,-85.7
-32.5,-72.0
54.0,1.067
44.3,10.1
44.3,10.1
44.9,11.4
44.4,11.6
46.3,12.5
42.7,13.0
37.7,15.1
40.6,20.8
41.0,22.5
38.0,23.0
39.2,46.0
29.8,67.3
47.1,89.8
25.6,96.8
25.4,96.8
-5.0,102.75
18.3,120.2
32.0,131.5
36.1,139.2
-3.417,142.077
40.5,142.5
-10.932,161.016
-9.968,161.194
-39.772,176.025
-39.5,177.0
-39.5,177.0
-32.0,-131.5
38.7,-117.8
19.242,-104.383
19.623,-103.919
19.081,-103.631
13.3,-88.5
12.0,-87.5
-12.0,-77.5
20.0,-75.8
10.5,-64.2
40.5,23.8
40.5,23.9
36.6,53.4
26.0,95.5
39.7,96.7
30.1,101.8
31.8,102.2
31.4,115.0
16.5,120.5
0.5,126.0
-3.57,128.35
-39.0,177.5
-25.5,179.2
-17.5,179.6
33.62,-117.97
12.0,-87.5
-2.0,-81.0
-20.0,-71.0
-22.0,-70.5
73.122,-70.014
6.9,0.6
37.4,13.0
42.0,14.2
36.8,27.2
32.1,56.0
29.5,102.5
31.9,103.4
-5.007,104.501
-5.151,104.528
38.1,142.4
39.224,144.622
-5.0,151.0
31.8,-115.5
41.7,-112.8
18.5,-105.5
15.0,-89.0
8.0,-82.5
-19.5,-69.5
38.2,-20.6
66.0,-18.25
37.919,40.211
37.919,40.211
26.773,86.762
23.7,102.7
41.0,108.8
17.5,119.0
24.8,121.5
-4.2,152.2
-11.139,165.503
-11.907,166.731
-40.5,175.5
46.6,-112.0
46.6,-112.0
16.5,-93.1
1.0,-77.5
42.9,12.7
35.8,25.0
40.5,27.5
39.3,40.6
36.3,53.3
36.3,53.5
29.5,66.8
5.5,94.0
29.4,102.3
28.7,103.6
24.2,120.5
24.8,120.8
24.6,120.8
24.3,120.8
35.0,138.0
36.6,141.4
-3.824,141.416
39.9,143.7
40.7,144.3
43.0,146.5
-9.8,161.0
13.2,-88.7
1.1,-77.6
1.2,-77.3
-24.5,-70.0
33.0,60.0
39.5,74.2
6.1,94.7
3.5,97.5
26.6,103.0
35.4,103.4
28.6,103.6
34.2,105.7
22.5,109.4
22.3,120.8
4.5,126.5
35.2,127.6
34.4,139.2
38.2,142.2
55.2,164.0
55.0,165.0
-21.5,-177.0
17.3,-99.3
16.7,-98.5
18.8,-97.5
13.5,-89.5
12.6,-87.2
-10.5,-76.5
36.4,7.5
36.5,70.5
35.5,97.6
-9.4,110.2
37.8,112.5
35.4,115.1
22.9,121.2
14.5,121.5
-3.0,132.3
44.5,149.4
-4.271,152.203
56.0,162.5
55.48,-158.37
52.2,-131.9
18.2,-99.5
16.1,-98.3
12.3,-86.9
12.2,-86.9
-0.3,-78.4
5.1,-75.5
39.4,33.8
21.7,99.5
-1.0,120.0
22.9,121.5
25.208,125.115
-5.25,130.5
-3.0,132.3
37.6,141.2
36.7,141.4
37.0,141.5
37.2,141.7
37.1,141.7
37.0,141.7
36.7,142.1
37.5,142.2
37.0,142.2
43.6,144.3
-6.0,147.8
-5.1,153.1
22.2,-79.1
-36.25,-72.25
-15.305,-72.19
-12.5,-72.0
-27.0,-70.5
37.053,-24.427
5.18,-0.13
38.5,14.7
39.1,26.8
36.3,30.7
39.77,39.533
39.7,40.4
36.3,70.6
24.4,102.5
13.5,121.25
32.3,132.0
40.1,139.5
-7.08,155.386
-9.295,159.234
32.733,-115.5
12.5,-87.5
-10.5,-77.0
-41.5,-74.5
-22.0,-71.0
-31.0,-69.0
38.1,13.5
45.8,26.8
38.4,35.5
41.7,43.8
23.9,102.3
24.4,102.5
42.7,121.3
40.2,122.0
44.2,139.5
52.0,178.2
40.5,-125.25
18.9,-102.9
8.5,-84.0
8.7,-83.2
37.417,-18.983
36.0,10.0
38.3,12.2
39.7,39.4
39.5,43.3
16.4,43.5
33.5,58.6
11.94,92.626
23.6,99.4
22.7,99.9
31.7,102.3
23.3,120.3
47.0,127.2
32.0,132.1
-4.175,152.071
16.3,-95.0
14.0,-91.0
-0.75,-81.5
-15.0,-76.0
4.6,-74.5
-34.6,-67.9
43.4,17.2
41.7,20.4
39.2,28.2
-49.5,32.0
40.3,34.6
40.6,35.0
40.8,35.1
40.9,36.5
23.1,100.3
13.5,121.0
43.0,122.0
-30.0,-177.0
16.7,-101.5
-2.1,-80.5
-30.75,-72.0
-14.2,-71.5
19.3,-67.5
36.1,4.5
43.1,13.3
44.3,17.0
40.8,30.5
40.6,30.5
41.0,33.7
40.0,40.0
39.3,73.3
21.5,93.5
-1.0,101.0
30.6,104.1
-9.5,110.0
7.5,128.0
35.3,133.9
-6.0,134.5
41.2,143.3
54.9,156.8
-53.0,159.0
-22.0,171.0
44.957,-74.723
-31.5,-68.5
36.7,22.5
39.4,26.7
38.9,29.3
41.4,32.7
36.8,54.5
39.1,75.0
44.0,84.0
-8.5,123.5
34.0,137.1
-2.5,152.8
-19.0,169.0
-22.5,172.0
2.5,15.6
38.0,28.9
37.4,35.8
38.5,43.3
38.5,43.3
35.2,52.1
24.5,63.0
39.5,119.0
34.7,137.2
40.9,142.1
-6.0,150.0
51.5,-174.5
53.492,-162.832
49.87,-124.92
-8.5,-77.5
-14.0,-76.25
-26.5,-70.5
19.5,-69.5
19.25,-69.0
35.75,5.0
38.2,31.8
39.3,41.2
29.4,51.4
39.3,55.4
32.5,59.1
41.5,72.5
23.9,96.2
23.9,96.2
23.1,120.3
33.0,135.6
-4.5,153.5
35.0,-116.6
13.2,-87.5
1.2,-77.2
-10.5,-75.0
37.0,8.0
37.0,22.0
37.5,57.8
33.4,58.7
25.5,63.0
28.5,94.0
33.3,99.5
25.0,102.0
26.7,102.9
43.8,141.0
-6.5,148.5
-38.85,178.87
-38.42,178.88
-21.0,-174.0
54.5,-161.0
22.0,-106.0
-13.1,-76.2
-17.4,-71.0
-22.5,-69.0
44.6,10.9
38.532,20.425
38.5,20.5
35.8,27.19
37.95,58.32
6.0,95.0
26.4,99.7
29.5,100.5
27.4,104.0
37.2,121.8
10.5,122.0
-3.0,127.5
33.1,135.6
36.5,136.0
-18.5,-174.5
53.62,-133.27
47.167,-122.617
33.75,-118.25
-1.4,-78.5
-1.5,-78.2
-38.0,-73.5
-54.0,-71.0
-54.0,-71.0
42.5,12.7
38.2,20.0
38.58,26.23
39.0,40.5
27.28,56.46
36.0,70.5
39.2,70.8
42.0,84.0
5.0,95.0
30.3,102.5
17.0,121.5
17.0,121.63
-5.5,154.0
54.6,163.5
-19.5,-176.0
16.5,-100.4
16.48,-98.22
14.31,-91.917
11.0,-85.0
6.5,-83.0
-1.5,-78.2
-14.25,-75.75
7.8,-72.5
-13.5,-72.0
-53.5,-71.5
-8.0,-71.0
-15.0,-69.5
10.5,-68.0
-23.5,-67.5
40.0,40.0
27.3,53.2
28.5,96.5
21.7,100.1
23.5,103.1
-6.0,113.0
-3.8,128.3
-6.5,129.5
46.0,144.0
-10.0,159.5
-18.25,167.5
-37.8,177.2
19.7,-156.0
33.5,-118.2
16.1,-96.8
13.0,-87.8
13.0,-87.5
13.0,-87.5
-15.0,-69.5
41.6,13.8
40.8,33.4
-34.0,57.0
31.1,91.4
26.7,100.0
22.9,121.5
23.8,121.7
9.5,127.3
-3.252,142.238
-9.3,147.1
19.11,-155.033
35.0,-119.017
35.333,-118.917
10.3,-85.3
10.3,-83.5
-14.1,-69.9
36.5,35.5
39.8,39.5
39.9,41.7
30.5,91.5
22.9,99.7
22.7,99.8
28.3,102.2
39.0,112.7
9.5,127.25
41.7,142.5
42.15,143.85
52.755,160.057
-18.5,169.25
-3.4,-80.6
-12.0,-77.5
18.4,-73.4
-36.5,-72.5
19.8,-70.7
-22.1,-68.7
38.1,20.6
38.3,20.8
41.4,26.3
40.0,27.5
35.0,32.5
29.0,52.0
28.5,52.3
35.4,55.1
24.2,103.2
34.0,141.7
-4.449,152.868
50.0,156.5
-13.189,166.516
-19.0,169.0
-18.3,178.2
39.6,-118.5
39.4,-118.5
39.3,-118.2
17.3,-92.6
29.5,-29.5
37.0,-3.5
36.283,1.467
36.0,1.5
36.0,1.5
36.0,1.5
39.8,22.1
39.3,22.2
27.5,52.0
36.0,66.0
24.5,95.3
39.0,101.3
38.8,104.2
29.4,104.8
31.6,116.6
-8.0,119.0
13.0,123.9
-34.9,138.7
38.9,142.2
-28.0,-175.5
33.8,-118.2
13.0,-87.0
10.0,-84.5
0.2,-78.4
-30.0,-72.0
-16.2,-71.3
11.46,-69.57
37.5,22.0
39.5,23.0
39.4,23.1
37.5,27.0
32.2,29.6
30.5,67.0
39.9,74.6
44.2,83.6
6.5,94.0
26.5,101.1
29.9,101.4
30.0,101.8
26.6,101.8
8.1,123.2
-5.1,152.924
-6.9,155.7
-15.0,-179.0
-20.0,-175.0
17.0,-99.5
12.2,-86.7
-0.5,-80.5
-25.5,-71.0
-19.0,-70.0
37.0,-4.0
45.5,14.3
47.5,19.3
39.5,23.0
36.8,25.2
36.9,26.0
40.0,30.5
35.5,35.5
27.2,54.4
35.1,67.5
23.278,70.107
22.2,95.7
37.8,114.0
40.5,115.5
-5.5,130.0
33.8,138.8
44.3,144.1
46.0,150.5
-38.9,175.7
-20.4,-178.5
51.292,-175.629
-15.5,-173.0
55.0,-165.2
16.5,-99.1
-23.5,-71.5
-21.0,-66.0
36.2,8.9
39.4,22.8
36.4,28.55
36.31,28.62
40.7,30.9
34.3,47.8
33.4,52.5
36.1,52.7
28.3,53.3
45.5,99.5
-4.6,107.1
-8.2,107.3
38.0,112.5
-2.0,116.0
56.2,116.4
23.9,121.6
5.5,127.5
-1.5,137.0
-12.3,166.7
58.37,-136.665
-50.0,-115.0
1.5,-79.5
2.0,-79.0
-16.5,-72.0
-33.785,-70.112
-13.5,-69.0
-18.0,-65.0
38.5,-28.8
44.4,8.8
44.3,9.9
34.4,47.9
36.0,49.0
36.5,53.0
31.5,104.0
-4.5,104.0
22.5,109.5
-9.5,112.5
25.0,125.0
44.53,148.54
44.2,148.8
49.3,156.4
-28.5,-177.0
44.712,-111.215
17.0,-96.3
18.3,-94.4
-4.0,-81.5
-13.5,-74.0
-20.369,-68.0
36.4,2.6
44.0,6.8
44.5,9.6
44.5,10.8
42.9,12.6
40.9,19.8
37.0,28.7
39.1,41.6
38.75,75.317
35.6,110.9
31.8,115.3
22.18,121.13
24.78,122.7
37.5,142.2
37.5,143.2
44.3,149.0
45.89,151.11
-7.5,156.0
52.5,159.5
53.9,160.5
-6.8,-80.7
-1.5,-79.0
-38.5,-75.1
-15.0,-75.0
-38.143,-73.407
-37.872,-73.243
-15.75,-72.75
30.45,-9.62
36.0,4.1
40.0,20.0
-3.6,29.0
28.0,54.5
28.6,76.7
32.7,103.7
33.8,104.5
-0.5,121.5
11.1,122.3
44.7,127.0
40.3,142.5
39.8,143.4
39.4,143.7
-9.4,152.3
-28.3,-175.7
34.0,-118.0
4.6,-75.6
8.9,-73.4
-36.7,-73.0
-10.5,-70.7
-59.5,-27.3
-56.26,-27.283
-58.0,-27.0
38.0,15.3
36.7,28.5
10.4,39.9
33.6,48.1
33.5,49.4
27.9,54.6
39.8,77.7
24.9,93.34
24.97,98.63
27.73,99.75
34.33,104.78
30.5,110.0
-8.2,122.0
31.6,131.8
29.6,131.8
36.0,136.7
36.2,141.9
36.0,141.9
36.0,142.3
42.9,145.6
42.7,145.7
43.2,147.9
46.338,149.548
50.016,156.099
-9.849,160.614
-18.421,168.411
52.47,-168.54
41.8,-111.8
17.2,-99.6
17.2,-99.5
8.008,-82.757
7.5,-82.0
-10.0,-79.0
5.2,-76.4
-37.8,-72.5
45.0,5.6
36.0,9.0
41.4,15.5
43.3,17.1
43.3,17.1
43.6,18.3
40.9,19.5
37.8,22.9
39.6,23.3
39.8,25.0
39.9,43.9
35.63,49.87
28.1,55.6
35.1,58.7
33.6,59.0
44.68,81.58
37.1,96.0
25.2,101.2
23.6,106.1
38.12,106.27
23.72,114.67
38.8,140.9
41.8,142.4
38.073,142.741
42.2,143.9
-24.8,-176.6
12.2,-86.9
-10.385,-78.022
-13.8,-69.3
46.1,14.8
40.8,15.6
32.6,21.0
42.1,21.3
40.75,29.0
34.4,47.9
33.2,49.2
28.2,55.7
36.9,57.8
37.0,57.9
39.8,74.2
33.9,74.8
35.7,97.0
25.8,99.5
-6.4,105.4
-8.2,115.6
24.5,122.1
-6.86,129.58
47.9,130.6
44.426,149.272
44.77,149.798
44.772,150.563
-10.286,165.413
-10.472,165.77
61.017,-147.648
18.3,-100.4
38.8,-28.4
45.3,18.1
40.3,28.2
-4.0,34.9
38.1,38.3
27.0,54.0
5.9,95.7
26.1,101.0
35.1,111.6
-3.7,119.4
23.2,120.6
40.4,138.9
40.4,139.0
40.3,139.0
38.65,139.2
-5.7,150.7
47.159,153.876
-15.5,166.5
53.03,-167.55
47.4,-122.3
16.3,-95.8
13.5,-89.3
-42.9,-75.13
-31.81,-71.26
-32.4,-71.2
-25.67,-70.63
35.7,4.4
37.7,21.8
38.267,22.3
38.6,22.4
39.4,24.0
37.6,47.1
28.1,55.9
36.3,70.7
43.9,87.8
22.4,101.6
35.0,111.63
-2.4,126.1
34.9,138.0
44.7,148.7
-15.9,166.8
-15.8,167.2
50.32,177.93
51.29,178.55
-10.748,-78.638
4.6,-73.9
-25.5,-70.7
10.8,-69.5
39.2,21.2
39.2,22.0
37.5,22.1
0.6,30.2
44.75,37.0
38.9,41.3
38.5,41.3
39.2,41.6
39.1,41.6
38.0,42.6
41.2,69.1
28.7,78.9
29.554,80.854
24.0,97.7
27.9,99.7
27.5,100.1
26.1,103.1
26.1,103.1
37.25,114.78
37.35,114.92
37.27,114.97
37.47,115.03
37.5,115.1
37.68,115.27
24.1,122.6
43.83,125.12
-10.343,160.883
-11.893,166.445
-12.334,166.684
-10.6,-79.8
2.9,-74.9
6.8,-73.0
-28.78,-71.19
-21.7,-69.5
10.6,-67.3
43.2,-0.5
35.5,-0.1
40.0,20.2
41.5,20.5
39.5,21.2
38.4,22.0
40.7,30.8
39.5,40.4
17.412,73.885
5.5,97.3
31.6,100.3
48.1,102.8
30.2,104.1
36.467,111.217
-9.2,113.1
37.717,115.217
38.5,116.5
-3.7,119.3
24.5,122.2
45.53,151.11
-4.4,152.5
-30.8,-178.4
16.5,-97.8
15.5,-92.7
12.1,-86.2
-5.6,-77.2
10.5,-62.6
37.7,-29.4
36.08,5.07
44.08,8.0
37.9,13.1
37.8,13.2
42.1,19.3
39.368,24.957
41.8,32.3
-0.6,34.4
39.2,40.1
39.2,44.3
39.3,44.4
39.1,46.1
39.1,46.2
29.8,51.2
34.0,58.2
33.9,58.2
34.0,59.0
-31.6,117.0
0.2,119.8
16.5,122.2
1.4,126.2
32.0,130.6
33.3,132.2
32.3,132.5
-2.9,139.3
26.3,140.6
41.5,142.7
39.4,143.1
40.8,143.2
-3.4,143.3
43.586,146.701
-5.5,153.2
-41.7,172.0
38.467,-122.692
-0.8,-78.3
-11.7,-75.1
-11.9,-75.1
15.8,-59.7
36.017,-10.95
43.2,12.4
44.9,17.2
44.9,17.3
-33.1,19.6
-32.9,19.7
40.7,19.8
38.6,28.4
39.2,28.5
39.2,28.6
27.7,34.0
11.9,41.21
37.1,57.9
39.7,74.8
41.45,79.367
2.1,94.6
22.317,111.8
-3.1,118.9
38.2,119.4
4.8,127.4
32.2,132.1
45.0,143.2
-6.6,146.9
43.6,147.9
-7.9,158.9
57.7,163.6
57.5,-153.9
51.8,-131.0
-4.0,-80.7
-9.2,-78.8
6.2,-77.6
-9.9,-75.6
-52.0,-73.8
-1.5,-72.6
-22.28,-70.55
-20.94,-69.81
44.0,16.0
39.1,28.7
39.2,29.5
38.8,36.7
43.84,39.34
38.6,44.7
43.0,47.0
43.0,47.1
37.8,55.9
21.7,73.0
42.5,78.8
24.1,102.5
15.78,121.71
20.6,122.0
12.6,122.1
6.8,126.7
32.2,131.7
-4.907,145.471
-59.1,157.8
-14.095,166.57
-44.64,173.62
51.4,-177.2
34.412,-118.4
-2.7,-77.4
-14.1,-73.3
-32.5,-71.2
18.0,-69.8
-25.5,-69.2
44.8,10.3
42.5,11.8
37.6,29.8
38.8,40.5
30.0,50.7
29.8,51.9
36.3,52.7
36.6,55.6
28.3,55.6
0.6,98.8
28.9,103.7
-7.2,109.1
-3.1,139.7
46.3,140.9
46.4,141.1
46.5,141.2
46.4,141.2
46.7,141.4
41.4,143.5
-6.5,146.6
-4.9,153.2
-5.5,153.9
52.9,159.2
56.0,163.3
-15.5,167.2
51.5,179.1
56.82,-135.68
12.4,-86.1
-6.8,-76.8
-30.5,-71.8
-30.6,-71.0
46.0,-1.1
43.8,13.3
43.8,13.3
38.3,20.3
37.9,22.4
30.1,50.8
29.7,50.9
28.4,52.8
36.2,69.7
36.0,73.4
13.4,120.3
23.6,121.6
22.6,122.1
23.0,122.2
22.5,122.3
3.9,124.3
6.5,126.6
33.3,140.7
33.3,140.8
-6.0,152.9
-20.0,168.8
19.936,-155.098
34.1,-119.0
18.48,-103.0
18.27,-96.6
10.679,-84.759
4.956,-78.144
-32.5,-71.5
38.46,-28.31
-60.82,-21.55
37.66,15.167
38.9,20.44
35.18,23.8
11.66,43.03
28.58,52.62
30.57,52.89
35.18,86.48
31.4,100.58
13.4,122.8
43.2,145.8
43.3,146.4
43.2,146.6
-34.13,150.27
50.5,156.6
-14.46,166.6
-15.12,166.9
-39.58,176.57
-12.27,-77.79
7.75,-77.69
-12.3,-76.35
-38.5,-73.4
6.89,-72.93
-22.124,-64.638
10.56,-63.38
17.3,-62.0
-0.28,12.92
44.97,15.53
38.6,27.0
28.0,55.8
35.1,72.9
45.14,94.03
28.24,104.01
31.6,119.2
34.5,138.7
36.0,139.82
43.2,146.7
-7.4,155.6
-7.5,155.9
-24.894,-175.119
-16.265,-172.467
19.451,-155.033
39.439,-121.528
42.06,-112.55
-38.18,-73.23
-29.9,-71.3
10.04,-69.75
35.997,-17.649
36.32,5.241
38.628,21.798
40.42,26.14
38.474,40.723
42.89,46.99
31.599,51.037
27.5,56.26
32.46,78.43
21.49,94.7
-6.7,106.7
40.64,122.58
12.54,125.993
-5.0,130.0
33.0,131.1
33.19,131.3
13.843,144.754
43.024,147.734
-6.59,155.054
-7.104,155.152
53.11,173.5
-18.672,178.464
-29.208,-177.886
-28.427,-177.657
17.4,-100.64
14.767,-91.061
15.324,-89.101
0.78,-79.8
7.4,-78.1
-20.52,-68.92
66.16,-16.58
46.32,13.13
46.28,13.157
46.302,13.197
46.356,13.275
-27.953,26.653
37.7,28.89
40.89,42.85
41.13,43.01
39.0,44.0
39.12,44.03
33.8,59.15
40.38,63.47
40.31,63.77
36.61,67.79
36.51,71.04
24.531,98.71
24.57,98.953
-8.17,114.888
39.57,117.98
4.96,118.31
39.664,118.401
7.249,122.939
6.292,124.09
-4.517,139.918
-4.603,140.091
44.915,149.123
-22.878,-175.9
-25.856,-175.406
-16.696,-172.095
7.34,-76.3
-31.03,-67.77
46.29,14.29
42.11,23.97
45.777,26.703
38.56,40.02
39.0,44.0
38.934,44.38
31.98,50.68
36.73,55.04
27.61,56.39
30.95,56.47
40.04,70.85
0.45,100.02
-8.22,115.19
-11.085,118.464
16.77,122.33
-1.081,146.23
-9.828,160.323
-9.89,160.348
-9.965,160.731
-9.844,160.822
-30.68,-177.36
34.35,-119.7
17.03,-99.74
16.01,-96.591
14.843,-91.022
-26.51,-70.54
36.63,-6.871
48.29,9.01
38.391,15.066
38.1,16.03
43.269,20.919
40.739,23.229
40.759,23.268
39.69,39.79
32.14,49.65
33.386,57.434
29.926,66.302
39.35,72.61
42.839,78.606
22.282,121.512
23.247,122.075
8.249,122.403
35.1,132.6
34.809,139.259
38.78,141.95
38.19,142.028
44.592,146.581
44.932,148.439
44.244,148.862
44.209,148.971
44.026,149.002
44.14,149.029
-16.76,-179.984
60.691,-141.671
32.634,-115.324
17.813,-101.276
13.833,-90.881
14.321,-90.082
8.316,-82.943
1.598,-79.358
4.805,-76.217
-16.39,-72.658
42.812,13.061
42.255,18.752
41.956,19.023
42.096,19.209
39.536,20.398
34.53,24.437
39.672,28.66
33.897,59.472
33.962,59.726
33.918,59.741
34.033,59.817
-3.299,102.712
41.145,108.129
-7.656,108.252
-8.254,115.847
-8.39,115.889
-8.299,115.934
-8.207,115.949
-30.812,117.179
31.452,119.241
-1.679,136.04
40.232,143.703
-4.98,145.577
-46.675,165.707
41.117,-124.253
46.214,-122.194
37.855,-121.816
37.6,-118.84
32.22,-114.985
18.211,-98.24
14.716,-91.317
15.888,-88.516
38.174,-83.907
-1.948,-80.017
-13.347,-74.545
8.045,-72.441
38.727,-27.75
36.195,1.354
40.914,15.366
40.459,15.855
43.294,20.837
39.203,22.729
39.269,23.041
37.19,50.201
34.503,50.59
34.587,50.652
40.113,70.596
32.834,75.629
32.913,75.633
29.598,81.092
-8.082,108.793
34.808,139.181
35.45,139.964
43.53,146.753
-12.525,165.916
-12.41,166.381
-39.542,176.478
-14.96,-173.085
33.133,-115.65
18.048,-102.084
-13.166,-74.522
-13.144,-74.376
-33.134,-73.074
8.117,-72.527
41.051,14.601
44.849,17.312
39.481,20.699
38.222,22.934
38.209,23.288
39.243,25.227
23.686,32.604
29.913,57.715
30.013,57.794
29.856,66.962
35.693,73.594
30.927,101.098
-4.576,139.232
38.64,142.75
-48.786,164.357
-24.133,-175.864
16.558,-98.358
17.25,-93.21
13.313,-89.339
14.487,-89.121
13.158,-87.589
-12.69,-76.065
46.975,-66.659
43.164,12.586
40.883,19.59
14.701,44.379
36.148,69.011
6.946,94.002
4.374,97.755
31.907,99.931
36.785,105.55
-6.863,106.936
-9.265,118.479
-8.375,120.577
-8.405,123.08
13.752,124.358
33.826,139.434
36.194,141.702
42.158,142.361
-12.597,165.931
19.43,-155.454
61.031,-147.286
36.219,-120.317
43.974,-113.916
16.147,-95.232
9.652,-83.688
8.717,-83.123
-4.843,-78.103
2.461,-76.686
-26.535,-70.563
11.866,-13.529
50.696,5.346
44.689,10.317
38.026,20.228
38.294,20.262
43.246,20.859
41.959,21.54
40.142,24.766
40.324,27.222
40.33,42.187
39.042,48.714
36.948,49.18
35.953,52.264
30.349,67.84
38.841,70.727
36.372,70.738
-6.852,72.11
39.945,75.135
40.025,75.26
5.723,94.722
14.926,99.023
35.206,115.213
1.131,120.858
18.231,120.86
1.084,121.052
-4.056,127.924
35.464,133.899
40.249,138.948
35.5,139.07
41.346,139.099
40.462,139.102
33.941,139.513
-5.392,151.868
-4.883,153.581
55.867,161.287
37.32,-121.698
42.375,-105.72
17.984,-69.338
52.878,-4.198
43.26,12.558
41.765,13.898
41.831,13.961
42.967,17.734
43.314,20.957
37.013,21.757
38.396,22.094
40.885,42.219
40.545,42.403
40.32,63.35
34.616,70.484
36.431,70.826
39.155,71.328
24.641,92.891
1.761,99.075
-2.823,118.806
32.386,131.945
35.789,137.488
31.448,140.036
34.006,141.5
-4.647,145.805
44.117,148.192
-10.012,160.469
56.2,163.4
18.19,-102.533
17.802,-101.647
15.299,-90.863
11.725,-85.838
-9.159,-78.887
-33.132,-71.708
-34.131,-71.618
-32.663,-71.551
-33.053,-68.467
17.013,-62.448
36.46,6.761
37.688,15.068
41.581,22.254
39.266,22.81
40.31,42.307
28.399,52.997
40.301,69.823
36.19,70.896
39.431,75.224
25.926,102.871
-9.245,114.185
16.498,120.815
7.758,123.544
-1.639,134.911
-4.13,136.049
-5.599,151.045
-4.439,152.828
-9.829,159.854
-13.987,166.185
-13.966,166.516
-28.117,-176.367
51.52,-174.776
52.327,-174.504
37.537,-118.447
32.97,-117.869
34.0,-116.61
15.075,-92.072
13.827,-89.118
-9.505,-77.512
-33.071,-72.084
-13.41,-71.785
10.77,-69.428
10.597,-62.928
-5.494,-35.769
44.12,16.339
36.93,22.175
37.014,22.176
43.274,25.912
45.547,26.316
37.931,28.574
-30.546,28.737
37.2,37.3
37.993,37.806
41.431,43.737
29.962,51.582
29.985,51.623
27.727,66.65
29.627,69.363
32.128,76.374
-3.904,103.461
23.901,121.574
24.125,121.619
-4.448,143.943
-17.94,-172.225
58.586,-143.27
58.679,-142.786
34.07,-118.1
34.061,-118.078
33.082,-115.775
-0.978,-78.05
-8.143,-77.954
0.083,-77.785
-17.897,-70.931
-24.388,-70.161
-19.022,-69.991
35.964,1.374
43.242,13.874
34.076,48.266
41.529,79.318
41.964,81.319
2.244,98.866
24.924,115.608
16.066,120.301
-8.247,124.155
8.047,125.41
32.034,131.837
37.447,137.865
35.362,140.214
36.988,141.689
-6.088,147.689
-6.266,149.06
-7.288,154.371
-58.893,158.513
-10.717,162.33
-14.074,167.828
-37.965,176.765
57.262,-142.747
13.881,-90.45
18.068,-76.597
48.117,-71.183
-24.753,-70.433
19.08,-67.256
37.938,-26.142
36.443,2.759
41.246,19.63
37.938,20.932
40.987,44.185
30.89,50.194
29.974,51.679
37.18,71.811
26.755,86.616
24.688,91.57
25.149,95.127
23.181,99.439
22.789,99.611
38.111,106.336
21.23,108.545
18.606,121.013
12.376,121.067
23.902,121.598
12.399,124.537
-19.847,133.803
-19.829,133.882
-6.06,146.23
-5.964,148.78
-10.258,160.896
55.543,-156.835
19.362,-155.083
37.036,-121.883
16.773,-99.328
1.134,-79.616
18.986,-68.833
11.038,-68.27
39.112,-28.242
36.788,2.448
-13.702,34.42
40.027,41.816
11.766,41.942
43.522,45.362
30.167,50.921
30.96,51.421
29.964,51.655
29.892,57.718
38.465,68.694
21.861,89.763
29.987,99.195
23.553,99.526
31.583,102.433
29.882,106.804
39.893,113.884
-8.081,125.129
1.031,126.189
8.337,126.729
-4.219,136.667
-4.511,139.022
34.942,139.193
39.837,142.76
39.571,143.333
-32.967,151.619
-4.346,152.797
-52.341,160.568
34.14,-117.7
9.919,-84.808
9.855,-84.327
9.869,-84.302
-0.059,-78.449
-6.016,-77.229
-6.062,-77.136
52.314,-2.985
37.3,15.438
40.775,15.766
43.853,16.633
41.004,22.3
45.841,26.668
-28.014,26.727
45.811,26.769
-26.39,27.349
36.99,29.595
5.358,31.848
5.121,32.145
36.957,49.409
36.636,49.799
31.107,51.678
28.251,55.462
27.398,65.719
28.925,66.331
35.121,70.486
36.415,70.789
37.034,72.942
40.854,73.553
39.436,74.9
47.963,84.961
47.903,84.961
47.869,85.076
3.908,97.457
35.986,100.245
37.093,103.781
-6.904,108.12
15.679,121.172
23.722,121.627
23.916,121.636
11.76,121.899
1.186,122.857
9.755,124.694
9.253,125.606
33.267,138.643
34.706,139.252
15.125,147.596
-5.097,150.967
-15.355,167.464
-22.122,175.163
-40.296,176.064
58.427,-175.45
40.235,-124.348
34.262,-118.002
14.646,-90.986
9.737,-84.054
9.685,-83.073
9.542,-82.418
4.554,-77.442
-6.038,-77.13
-5.982,-77.094
-15.679,-71.574
10.045,-69.948
44.885,6.76
45.364,21.057
45.498,21.115
44.888,22.407
39.597,41.118
39.984,42.875
42.565,43.349
42.453,43.673
42.461,44.009
36.52,44.066
13.887,44.068
36.924,49.603
30.666,50.218
37.457,68.273
35.993,70.423
26.323,70.607
36.416,70.912
30.78,78.774
40.386,78.959
23.613,95.901
39.887,113.923
5.865,116.746
15.119,120.355
1.196,122.787
-8.099,124.681
45.533,151.021
48.268,154.328
-9.094,158.442
-9.929,159.139
-40.25,175.053
40.368,-124.316
34.203,-116.827
34.201,-116.436
33.961,-116.318
36.705,-116.293
11.727,-87.386
19.613,-77.872
7.075,-76.862
6.845,-76.806
51.153,5.798
-6.087,26.651
29.778,31.144
39.71,39.605
31.726,50.778
29.134,52.187
29.087,66.74
33.377,71.317
41.019,72.429
42.142,73.575
18.0,108.0
-7.138,109.067
-8.48,121.896
7.191,126.762
35.106,139.644
32.536,141.641
39.419,143.33
-11.122,165.239
-14.385,-178.252
-28.886,-176.819
45.035,-122.607
42.314,-122.012
14.717,-92.645
9.821,-83.622
-11.652,-76.53
38.224,21.756
15.385,31.69
30.149,50.814
30.692,50.886
32.104,60.088
39.263,75.533
18.066,76.451
18.12,76.533
28.723,82.28
29.084,87.333
23.027,101.062
37.634,137.245
42.851,139.197
41.985,139.839
43.3,143.691
12.982,144.801
-5.889,146.02
51.218,157.829
51.934,158.647
-18.039,-178.413
40.402,-125.68
40.741,-124.31
34.213,-118.537
42.762,-110.976
2.917,-76.057
40.33,-76.037
19.803,-72.799
-13.841,-67.553
35.52,-0.106
0.593,30.037
28.968,52.614
29.096,52.617
30.853,60.596
36.901,67.163
36.028,100.104
-4.967,104.302
20.524,109.33
-10.477,112.835
-10.362,112.892
-10.777,113.366
-10.341,113.369
13.525,121.067
24.511,121.905
23.959,122.448
1.015,127.733
-1.258,127.98
40.525,143.419
40.608,143.683
43.773,147.321
43.905,147.916
-42.963,171.658
-15.199,-173.529
65.17,-148.565
19.055,-104.205
16.779,-98.597
-2.75,-77.881
4.104,-76.622
5.05,-72.916
-28.906,-71.417
-23.34,-70.294
40.149,21.695
38.401,22.283
38.063,30.134
35.046,32.279
28.826,34.799
21.966,99.196
-2.045,101.436
26.003,102.227
36.427,103.123
-8.452,125.049
12.059,125.58
12.047,125.92
28.094,130.148
27.929,130.175
34.583,135.018
-4.183,135.109
37.925,139.186
52.629,142.827
44.663,149.3
-5.799,154.178
-23.008,169.9
-37.759,178.752
51.564,-177.632
51.478,-176.847
-22.118,-113.436
15.978,-98.07
-9.593,-79.587
-1.036,-78.737
-14.993,-75.675
42.803,17.936
39.993,76.696
27.291,100.276
40.774,109.661
0.729,119.931
21.898,121.498
30.568,131.093
31.789,131.314
31.885,131.468
-0.891,136.952
31.555,139.931
-6.518,154.999
-22.101,-176.772
18.219,-102.756
-30.933,-71.22
10.598,-63.486
11.112,-60.892
43.084,12.812
43.048,12.879
40.956,19.672
37.57,20.656
-26.857,26.619
38.075,48.05
37.661,57.291
33.938,59.475
33.825,59.809
29.976,68.208
36.411,70.945
34.872,71.62
41.026,74.284
39.422,76.839
39.513,76.865
39.527,76.941
39.537,76.998
39.474,76.998
23.083,80.041
35.069,87.325
22.212,92.702
4.358,96.494
-3.776,119.727
1.241,122.536
31.92,130.429
31.959,141.878
13.986,144.901
54.841,162.035
-12.584,166.676
15.883,-96.298
14.374,-91.473
-0.593,-80.393
-17.731,-65.431
38.65,-28.626
43.164,12.701
46.245,13.652
44.209,20.08
41.925,20.39
36.878,35.307
33.199,47.225
38.717,48.507
27.791,53.608
30.154,57.605
32.457,59.976
37.075,70.089
37.106,70.11
36.479,71.086
39.977,76.731
39.66,77.343
37.388,78.843
27.308,101.029
26.373,104.021
-8.194,112.413
41.083,114.5
23.407,120.736
-2.071,124.891
22.306,125.308
-2.943,142.582
39.027,143.441
-62.877,149.527
34.594,-116.271
18.324,-101.539
18.386,-97.436
16.059,-96.931
15.782,-88.33
4.461,-75.724
-13.64,-74.43
-16.66,-72.662
38.193,-1.566
35.321,-1.281
38.119,23.605
40.711,29.949
40.76,29.97
40.709,30.045
40.744,30.266
40.758,31.161
40.358,42.346
42.962,46.954
40.802,47.448
29.501,51.88
36.92,54.9
28.343,57.193
34.259,69.364
30.512,79.403
21.544,91.895
24.589,102.872
-6.845,105.555
39.899,113.983
41.131,114.658
15.766,119.74
23.445,120.506
23.772,120.982
23.738,121.158
40.459,122.889
-16.423,168.214
38.379,-122.413
11.884,-85.988
7.042,-77.829
63.98,-20.758
63.966,-20.487
34.22,25.69
-7.977,30.709
-26.288,30.888
38.457,31.351
40.693,32.992
38.164,38.777
40.245,49.946
39.566,54.799
35.288,58.218
37.542,69.582
22.132,92.771
26.856,97.238
-13.802,97.453
25.607,101.063
-4.612,101.905
-4.721,102.087
25.826,102.194
-6.675,106.845
24.223,121.058
23.843,121.225
20.253,122.043
40.498,122.994
-1.105,123.573
35.456,133.134
34.221,139.131
34.319,139.26
33.901,139.376
48.786,142.246
22.338,143.73
-5.496,151.781
-4.001,152.327
-5.233,153.102
52.63,-132.2
47.149,-122.727
34.059,-118.387
13.671,-88.938
13.605,-88.795
13.049,-88.66
-16.086,-73.987
-16.265,-73.641
-14.258,-72.683
-17.543,-72.077
39.059,24.244
37.238,36.206
35.169,69.389
23.419,70.232
23.632,90.376
35.946,90.541
26.316,100.648
27.689,101.003
29.513,101.129
24.455,102.66
23.954,122.734
-4.102,123.907
6.898,126.579
34.083,132.526
12.686,144.98
-21.696,-179.513
63.514,-147.912
63.517,-147.444
32.319,-115.322
16.87,-100.113
18.194,-95.908
7.929,-82.793
44.513,-73.699
-29.67,-71.384
-27.535,-70.586
-19.384,-69.231
-28.937,-66.797
47.832,-3.207
52.52,-2.15
50.889,6.103
38.381,13.701
41.789,14.872
37.67,15.267
37.747,21.087
42.436,21.466
-1.884,29.004
-1.684,29.077
38.573,31.271
30.2,31.41
-2.907,33.733
41.765,44.96
34.642,47.4
34.594,47.454
35.701,48.838
35.626,49.047
31.995,49.329
28.093,51.755
36.062,69.315
39.959,69.417
35.704,69.868
38.673,69.902
38.773,69.924
36.502,70.482
39.77,72.007
35.414,74.515
35.517,74.654
39.57,75.254
25.842,88.932
13.036,93.068
2.824,96.085
39.736,97.443
30.916,99.927
-1.196,121.333
24.279,122.179
23.346,124.09
6.033,124.249
-1.68,134.234
-1.757,134.297
-3.212,142.427
-3.26,142.94
13.088,144.619
14.101,146.199
-14.49,167.827
-17.6,167.856
-23.884,178.495
35.706,-121.102
34.31,-116.848
18.77,-104.104
36.87,-88.98
34.494,-85.629
8.416,-82.824
9.355,-79.941
-30.608,-71.637
19.761,-70.693
19.777,-70.673
-60.532,-43.411
36.939,3.578
36.964,3.634
48.342,6.57
48.21,9.0
44.329,11.45
43.883,11.96
39.16,20.605
39.893,22.309
38.221,26.958
43.083,27.486
38.111,28.887
38.019,28.927
39.5,39.878
39.007,40.464
31.953,49.209
29.59,51.474
28.355,54.169
28.995,58.311
35.476,60.784
-2.598,68.382
39.43,77.219
39.61,77.23
39.483,77.393
42.905,80.515
43.897,85.923
50.211,87.721
50.038,87.813
50.0,87.89
27.264,89.331
22.854,92.306
29.573,95.605
19.917,95.672
37.529,96.476
38.4,100.951
25.954,101.254
25.975,101.29
27.283,103.753
34.712,103.834
27.372,103.971
-6.983,108.468
-8.807,118.524
43.77,119.643
-8.137,120.524
-8.294,120.743
23.039,121.362
12.171,123.921
12.168,124.079
12.025,125.416
1.142,128.152
2.354,128.855
35.457,139.871
34.998,140.172
38.432,141.003
38.849,141.568
37.812,142.619
41.815,143.91
-10.491,160.77
-45.104,167.144
-22.107,169.35
-43.34,173.04
51.146,178.65
49.277,-128.772
35.819,-120.364
17.488,-101.303
11.989,-86.52
9.602,-84.172
8.358,-82.877
4.695,-77.508
-37.695,-73.406
-38.854,-73.155
-28.573,-65.84
15.679,-61.706
10.49,-61.48
35.142,-3.997
36.852,3.418
36.865,3.421
36.848,3.448
48.115,8.077
45.626,10.559
46.296,13.641
48.758,19.217
54.841,19.912
37.136,22.116
35.945,23.115
45.787,26.622
36.833,27.815
37.042,28.206
-3.393,29.558
31.675,35.551
27.836,36.905
38.377,39.261
39.93,40.812
39.847,40.874
39.634,43.966
39.766,43.979
33.297,47.977
32.023,48.836
29.881,51.474
36.29,51.61
27.695,52.397
37.125,54.477
34.89,61.852
30.126,67.121
33.426,69.524
36.512,71.029
34.774,73.216
24.757,92.539
3.316,95.854
37.506,96.758
25.073,99.169
-1.559,100.488
-1.549,100.54
-0.466,100.655
34.682,103.781
27.266,103.873
-8.669,114.65
-8.31,115.788
45.382,118.256
24.081,121.611
24.53,122.694
-9.362,122.839
9.926,124.038
-8.152,124.868
-3.12,127.4
-4.003,135.023
-3.609,135.404
-3.615,135.538
33.07,136.618
33.184,137.071
37.226,138.779
37.396,138.862
37.284,138.885
44.119,141.793
47.311,142.12
43.006,145.119
42.9,145.228
-49.312,161.345
-46.676,164.721
-38.0,176.51
41.301,-125.97
45.365,-112.615
-1.364,-80.785
-5.852,-78.704
-0.507,-77.745
-5.678,-76.398
-16.635,-70.794
-19.987,-69.197
-19.78,-68.98
15.775,-61.744
37.91,-1.82
42.389,19.812
38.152,26.751
38.804,26.783
-26.913,26.789
-6.224,29.83
39.437,33.089
38.26,38.814
12.471,40.634
39.354,40.89
39.44,40.978
37.622,43.703
28.85,52.56
37.103,54.574
26.774,55.858
30.754,56.816
27.095,61.887
30.378,68.038
36.357,71.093
34.539,73.588
17.072,73.668
17.145,73.73
17.067,73.773
17.398,74.118
30.924,78.56
30.476,79.255
41.728,79.44
7.92,92.19
24.55,92.524
1.819,97.082
2.085,97.108
-1.644,99.607
22.526,100.709
26.569,103.036
23.627,104.103
23.604,107.798
-7.037,107.819
9.985,108.383
29.695,115.689
-1.198,119.933
-1.174,119.963
-9.948,124.48
46.827,125.058
33.807,130.131
35.498,139.982
34.064,141.491
38.276,142.039
38.107,144.896
-4.539,153.474
-41.223,175.21
-20.187,-174.123
-16.592,-172.033
19.878,-155.935
26.319,-86.606
8.898,-82.543
-13.457,-76.677
-33.131,-68.707
10.814,-61.758
10.876,-61.756
45.84,-0.14
42.99,-0.05
36.623,5.328
47.58,7.6
47.449,19.343
40.27,19.96
37.64,20.92
48.195,22.46
36.311,23.212
41.708,25.544
-21.324,33.583
-14.52,34.28
37.605,43.787
33.5,48.78
27.574,55.685
26.759,55.843
30.79,56.7
28.12,56.865
37.255,68.828
38.246,69.22
23.322,70.477
23.777,70.899
34.6,73.136
33.129,73.887
26.88,76.15
42.156,76.163
44.229,83.524
27.382,88.388
31.607,90.413
26.912,91.705
3.462,97.224
18.901,98.916
0.626,99.859
27.995,104.138
28.012,104.151
33.068,104.95
-5.575,105.395
-9.254,107.411
-7.961,110.446
31.56,113.21
-8.251,118.777
-3.728,119.233
43.469,119.558
21.799,120.547
22.868,121.278
44.624,124.122
-3.595,127.214
-5.473,128.131
2.52,128.283
33.129,131.141
46.592,153.266
60.949,167.089
51.307,-179.971
-25.996,-177.514
37.804,-122.193
37.434,-121.774
45.394,-112.13
39.465,-111.237
39.464,-111.207
17.302,-100.198
13.554,-90.618
-3.987,-79.836
2.982,-77.967
-2.312,-77.838
-13.386,-76.603
2.082,-76.495
-45.243,-72.648
-32.689,-71.695
-22.247,-69.89
14.944,-61.274
-15.048,-44.231
51.085,1.009
41.172,19.897
38.34,20.42
39.446,33.162
39.417,33.212
38.318,39.267
39.592,42.863
33.49,48.93
31.68,49.93
34.437,50.833
28.154,56.652
39.803,70.311
38.936,70.485
21.181,70.724
17.2,73.7
35.304,76.753
28.555,77.057
30.881,78.239
42.913,82.378
22.15,92.388
-0.493,100.498
20.504,100.746
-2.625,100.841
23.028,101.052
-4.438,101.367
37.021,103.911
33.259,104.74
-5.968,107.655
-7.783,114.338
-8.277,118.339
9.721,124.647
6.614,126.24
1.065,126.282
-1.065,127.343
2.872,127.464
34.807,136.239
37.336,136.588
37.57,138.478
47.116,141.798
22.013,142.668
46.243,154.524
-8.466,157.043
-49.418,163.954
-11.61,165.762
-44.785,167.583
-15.595,167.68
-20.617,169.357
-39.011,178.291
39.52,-119.93
33.953,-117.761
32.456,-115.315
41.153,-114.867
14.129,-91.479
13.564,-90.599
38.452,-87.886
8.423,-82.968
8.267,-82.967
-12.178,-77.164
-10.368,-75.512
4.33,-73.764
-15.986,-71.748
-32.938,-69.259
10.514,-64.171
-3.91,-40.44
-3.7,-40.35
64.004,-21.012
35.883,-0.658
35.616,-0.57
53.403,-0.332
49.914,18.455
37.963,21.525
-52.533,26.417
-2.296,28.9
-2.404,28.918
33.327,35.305
37.507,38.503
43.372,46.254
33.86,48.59
31.73,51.2
26.99,55.8
26.743,55.828
35.5,58.8
30.639,67.351
30.598,67.455
23.33,70.592
36.401,71.075
40.288,72.985
39.533,73.824
17.438,73.915
35.49,81.467
30.901,83.52
24.702,84.964
23.433,87.111
29.807,90.35
22.761,92.333
37.565,95.833
2.768,95.964
1.011,97.442
23.97,97.569
23.97,97.569
25.044,97.684
25.051,97.919
-2.486,99.972
26.272,101.937
-3.935,103.058
31.002,103.322
51.607,104.158
32.036,104.722
32.518,105.395
32.57,105.424
32.756,105.494
32.71,105.54
32.747,105.542
1.271,122.091
12.897,124.319
-0.795,134.012
39.03,140.881
39.802,141.464
36.158,141.521
37.552,142.214
41.892,143.754
53.882,152.886
-20.071,168.892
-19.941,168.953
-39.715,176.851
-23.046,-174.659
-15.489,-172.095
32.437,-115.165
16.72,-86.236
13.452,-86.06
10.165,-84.197
9.59,-78.966
-0.962,-77.817
-11.779,-75.626
10.434,-69.715
10.705,-67.92
42.334,13.334
42.275,13.464
41.303,22.714
34.164,25.471
-26.414,27.494
-10.108,33.818
-9.948,33.878
25.212,37.597
25.292,37.744
42.66,43.443
27.334,56.202
34.185,70.076
27.143,70.749
36.517,70.95
17.109,73.767
34.204,73.899
33.198,75.787
40.657,78.692
44.724,78.864
31.158,85.902
22.399,85.903
27.262,91.417
27.332,91.437
27.319,91.51
14.099,92.888
25.28,95.101
37.696,95.718
-1.479,99.49
-0.72,99.867
25.962,100.825
25.632,101.095
-2.515,101.501
29.358,105.438
-7.782,107.297
-9.138,115.593
-8.207,118.631
23.796,121.605
6.513,124.715
3.884,126.397
-0.414,132.885
-0.691,133.305
34.743,138.264
34.921,139.261
-38.28,145.25
46.857,155.154
-12.517,166.382
-13.006,166.51
-45.762,166.562
-17.757,167.949
-17.026,168.329
40.652,-124.692
32.7,-115.921
32.297,-115.278
16.396,-97.782
35.827,-96.772
-1.266,-77.306
45.88,-75.48
-36.122,-72.898
18.457,-72.533
-34.29,-71.891
-18.058,-70.547
18.4,-67.07
-24.872,-65.602
10.454,-63.475
35.9,4.12
43.76,20.673
7.521,37.839
38.864,39.986
32.45,48.3
33.37,48.94
29.647,51.665
27.022,53.861
35.49,54.47
28.412,59.18
35.217,59.308
30.178,67.117
35.633,67.658
38.245,71.467
33.869,72.887
30.099,80.026
29.872,80.428
23.407,90.648
7.881,91.936
13.667,92.831
13.197,93.087
3.748,96.018
33.165,96.548
2.383,97.048
-3.487,100.082
25.523,101.903
27.197,103.005
30.268,105.668
25.558,105.804
-7.907,107.879
22.918,120.795
-30.794,121.406
6.486,123.467
25.93,128.425
-2.174,136.543
12.484,141.476
26.901,143.698
16.591,145.682
-8.799,157.346
-8.743,157.477
-9.019,157.551
-19.702,167.947
-17.541,168.069
-43.522,171.83
-43.57,172.388
-43.55,172.647
-43.598,172.69
-40.433,176.818
-29.539,-176.34
-28.993,-176.238
52.05,-171.836
52.171,-171.708
38.947,-107.497
37.063,-104.701
17.844,-99.963
35.531,-96.788
35.532,-96.765
14.186,-90.238
13.297,-87.898
-0.13,-78.37
37.936,-77.933
-14.438,-75.966
-36.474,-73.125
37.699,-1.672
39.12,29.04
38.429,43.229
38.722,43.513
30.16,51.62
28.777,63.951
21.211,70.533
40.081,71.41
38.31,76.888
39.955,77.028
28.724,77.189
29.698,80.754
43.648,82.437
27.73,88.155
43.015,88.247
27.449,88.684
24.618,94.68
24.955,95.236
51.842,95.911
32.447,95.948
2.965,97.893
24.693,97.943
24.719,97.969
25.075,98.721
24.932,98.73
20.687,99.822
31.373,100.757
-4.586,122.771
7.904,125.185
9.457,125.935
37.001,140.401
36.281,141.111
38.276,141.588
38.297,142.372
38.435,142.842
38.034,143.264
38.058,144.59
-18.365,168.143
-18.311,168.218
-20.244,168.226
-19.157,168.311
-43.583,172.68
-43.564,172.743
-43.49,172.8
-41.364,174.315
52.788,-132.101
16.493,-98.231
13.988,-91.895
12.139,-88.59
10.085,-85.315
-14.168,-75.635
-35.2,-72.217
-32.625,-71.365
-17.678,-69.591
-16.764,-43.999
44.851,11.086
44.89,11.23
44.831,11.49
42.645,22.968
36.42,28.88
37.294,42.325
41.549,46.789
38.329,46.826
32.747,47.726
31.428,56.778
36.288,58.835
33.506,59.571
36.023,69.351
38.612,70.354
23.739,81.314
43.433,84.7
40.411,90.355
0.802,92.463
26.175,92.889
2.327,93.063
23.005,95.885
2.707,96.045
27.767,100.781
27.575,103.983
-7.692,106.371
32.978,119.593
-1.315,120.096
22.661,120.891
9.999,123.206
12.354,123.7
10.037,125.633
10.811,126.638
37.89,143.949
40.887,144.944
49.8,145.064
-9.694,159.727
-17.827,167.133
-18.972,168.741
-19.125,169.613
55.393,-134.652
16.878,-99.498
31.817,-97.088
14.606,-92.121
15.52,-87.159
1.135,-77.393
-16.15,-74.87
-15.748,-71.425
-60.274,-46.401
36.534,3.086
36.703,5.261
38.689,22.695
35.514,23.252
29.275,51.313
28.428,51.593
26.56,57.77
55.15,61.41
28.033,61.996
26.951,65.501
27.183,65.505
38.41,68.89
34.526,70.22
33.061,75.863
33.297,75.95
40.119,77.466
54.263,86.173
4.927,95.907
5.103,95.971
4.645,96.665
30.046,97.957
28.239,99.328
28.243,99.35
25.98,99.812
30.308,102.888
27.226,103.071
34.512,104.262
-8.803,113.002
-8.305,116.058
23.789,121.141
23.828,121.215
9.88,124.117
44.599,124.168
7.275,124.898
34.369,134.828
33.958,139.352
37.2,144.6
46.221,150.788
54.892,153.221
-10.799,165.114
-10.928,166.018
-41.731,174.027
-41.704,174.337
-29.977,-177.725
58.306,-136.96
38.216,-122.312
33.863,-117.835
-32.108,-110.811
17.397,-100.972
17.235,-100.746
35.937,-97.271
35.524,-97.146
17.682,-95.653
14.728,-92.578
12.526,-88.123
12.403,-86.378
12.151,-86.281
-0.018,-78.322
4.557,-76.644
-13.843,-71.695
-19.965,-70.814
-19.61,-70.769
-20.571,-70.493
19.043,-66.81
36.492,3.025
36.841,3.301
49.799,8.69
41.115,19.777
38.244,20.379
38.208,20.453
40.24,25.33
-26.99,26.705
32.663,47.673
27.15,54.448
26.589,57.741
26.387,68.358
35.905,82.586
25.0,97.845
19.656,99.67
23.383,100.47
23.358,100.533
30.34,101.737
27.189,103.409
28.125,103.546
28.174,103.619
-7.986,109.265
-30.686,121.332
6.864,125.233
1.893,126.522
33.684,131.825
36.641,137.888
37.005,142.453
-6.755,155.024
-6.586,155.049
-11.463,162.051
-11.27,162.148
-40.66,175.814
51.849,178.735
52.214,-169.399
15.802,-93.633
13.668,-88.478
8.231,-77.315
6.8,-73.01
-29.439,-72.105
-15.693,-71.934
-31.573,-71.674
8.48,-71.42
-10.77,-71.41
8.477,-71.365
-10.07,-70.98
-25.442,-64.632
44.534,18.934
44.088,19.861
38.67,20.6
-2.141,28.897
36.524,70.368
36.494,71.126
38.211,72.78
33.856,73.193
40.376,73.204
34.671,73.278
37.6,78.2
28.231,84.731
44.133,85.568
27.809,86.066
26.638,90.41
23.5,98.9
23.01,101.755
29.353,103.199
33.15,115.8
5.987,116.541
24.203,122.316
-8.338,124.875
10.169,125.891
31.001,128.873
-0.59,131.27
-2.629,138.528
31.529,140.213
27.839,140.493
39.856,142.881
-5.462,151.875
-4.729,152.562
-9.307,158.403
-8.899,158.422
-10.401,165.141
-16.431,168.148
59.658,-153.452
35.988,-96.805
11.96,-88.835
12.442,-86.515
9.949,-83.807
0.35,-80.16
0.93,-79.84
0.495,-79.616
-43.517,-74.391
-15.64,-71.68
-15.44,-70.93
-55.285,-31.877
35.649,-3.682
36.431,3.517
42.956,13.067
42.84,13.11
42.704,13.238
51.613,16.157
42.008,21.488
-2.65,29.06
-1.036,31.618
38.881,70.559
36.473,71.131
34.905,73.682
39.273,73.978
43.823,86.345
27.802,86.532
24.804,93.651
-4.952,94.33
20.923,94.569
23.094,94.865
32.022,95.027
5.283,96.168
-2.097,100.665
24.134,111.478
-8.194,117.814
22.97,120.46
1.279,126.371
-3.873,127.229
35.781,129.216
32.791,130.754
35.374,133.809
37.393,141.387
40.394,143.68
18.543,145.507
-4.505,153.522
-10.749,161.132
-10.681,161.327
-16.043,167.379
-42.737,173.054
-22.477,173.117
-37.359,179.146
59.852,-136.677
18.339,-98.68
16.626,-95.078
14.761,-94.103
14.909,-92.009
13.717,-90.972
13.766,-89.155
9.515,-84.487
3.449,-74.672
-10.721,-74.566
-16.416,-73.636
-16.299,-73.474
-33.038,-72.062
-33.201,-70.614
42.529,13.282
40.783,13.939
39.599,26.065
38.93,26.365
36.929,27.414
38.764,27.778
-8.44,30.031
-3.043,32.888
-19.45,34.488
34.911,45.959
-20.16,46.647
39.816,48.57
35.692,50.9
35.654,50.949
28.2,53.107
37.769,57.206
30.765,57.331
35.776,60.436
25.191,63.264
39.494,71.444
37.643,75.31
44.302,82.832
27.64,85.17
24.015,92.018
29.833,94.984
17.399,96.0
25.938,99.841
33.193,103.855
-7.734,108.023
29.349,108.058
-8.492,115.323
-1.292,120.431
13.77,120.935
11.127,124.629
10.954,124.707
7.562,124.743
5.504,125.066
9.907,125.452
9.831,125.496
-3.745,127.752
2.465,128.148
36.074,129.27
-6.246,155.172
-21.503,168.598
-21.325,168.672
-21.638,168.673
54.443,168.857
-21.648,168.859
-21.697,169.149
-19.373,176.052
-18.178,-178.111
19.37,-155.032
61.34,-149.937
56.046,-149.073
16.646,-97.653
13.095,-88.099
17.474,-83.519
-1.756,-77.694
1.032,-77.259
-15.776,-74.744
20.041,-72.975
8.346,-71.664
10.855,-62.883
53.2,6.6
43.093,13.046
37.555,15.166
50.11,18.71
42.658,19.883
37.506,20.563
-26.4,27.5
-20.644,32.801
37.596,38.514
-12.778,45.593
34.304,45.74
33.764,45.749
34.456,45.764
34.649,45.799
34.645,46.179
34.663,46.277
41.526,46.785
30.715,51.485
28.342,59.315
35.817,68.682
36.543,70.816
36.99,71.369
26.374,90.165
-0.965,100.771
23.332,101.552
24.322,102.941
28.264,104.991
-7.196,105.918
-7.21,109.65
-7.456,114.453
-8.394,116.208
-8.287,116.452
-8.274,116.491
-8.325,116.577
-8.324,116.626
-2.916,119.435
-0.178,119.84
24.174,121.653
45.279,124.557
35.262,132.541
34.833,135.612
42.671,141.933
-5.841,142.49
-6.182,142.492
-6.294,142.607
-6.307,142.62
-6.068,142.768
-16.368,168.213
-21.969,169.446
-21.743,169.522
-22.066,170.05
-18.494,179.332
-30.805,-178.095
35.766,-117.605
35.705,-117.506
14.763,-92.298
13.199,-89.306
-2.199,-77.023
3.035,-75.738
-5.796,-75.298
-35.473,-73.162
-30.056,-72.082
-40.815,-72.002
-30.074,-71.423
-14.684,-70.127
53.394,6.586
51.52,16.09
50.08,18.39
50.287,18.997
41.381,19.454
41.521,19.559
40.501,20.722
38.115,23.505
40.89,28.173
37.948,29.697
-7.878,32.085
34.121,45.681
37.808,47.558
40.892,48.602
31.775,49.542
19.9,72.8
20.0,72.9
33.106,73.766
-1.301,101.601
29.498,104.632
-7.267,104.825
29.639,104.946
28.405,104.957
28.261,104.984
29.573,105.064
22.96,106.711
-8.418,116.52
14.924,120.497
23.989,121.693
24.475,121.947
20.807,121.986
-1.852,122.553
45.205,124.611
7.625,124.912
6.712,125.005
6.802,125.04
6.91,125.156
6.802,125.169
6.708,125.188
9.334,126.04
1.6,126.416
-0.529,128.093
-3.65,128.216
-3.61,128.299
-3.45,128.347
38.646,139.472
-6.977,146.44
-4.051,152.597
19.44,-78.755
17.916,-66.813
38.39,39.081
38.482,44.367
39.831,77.106
